INSERT INTO Civilizations (Type,						DefaultPlayerColor,			ArtStyleType,			ArtStylePrefix,	ArtStyleSuffix,	PortraitIndex,	MapImage,					DawnOfManImage) VALUES
						  ('CIVILIZATION_VANDARIA',		'PLAYERCOLOR_VANDARIA',		'ARTSTYLE_EUROPEAN',	'EUROPEAN',		'_EURO',		0,				'bmc_vandariamap.dds',		'bmc_vandariadom.dds'),
						  ('CIVILIZATION_KIZU',			'PLAYERCOLOR_KIZU',			'ARTSTYLE_EUROPEAN',	'EUROPEAN',		'_EURO',		1,				'bmc_kizumap.dds',			'bmc_kizudom.dds'),
						  ('CIVILIZATION_KROSVIK',		'PLAYERCOLOR_KROSVIK',		'ARTSTYLE_EUROPEAN',	'EUROPEAN',		'_EURO',		2,				'bmc_krosvikmap.dds',		'bmc_krosvikdom.dds'),
						  ('CIVILIZATION_ISMALIA',		'PLAYERCOLOR_ISMALIA',		'ARTSTYLE_EUROPEAN',	'EUROPEAN',		'_EURO',		3,				'bmc_ismaliamap.dds',		'bmc_ismaliadom.dds'),
						  ('CIVILIZATION_ILADOREA',		'PLAYERCOLOR_ILADOREA',		'ARTSTYLE_EUROPEAN',	'EUROPEAN',		'_EURO',		4,				'bmc_iladoreamap.dds',		'bmc_iladoreadom.dds'),
						  ('CIVILIZATION_GVORANDIA',	'PLAYERCOLOR_GVORANDIA',	'ARTSTYLE_EUROPEAN',	'EUROPEAN',		'_EURO',		5,				'bmc_gvorandiamap.dds',		'bmc_gvorandiadom.dds'),
						  ('CIVILIZATION_AKKA',			'PLAYERCOLOR_AKKA',			'ARTSTYLE_EUROPEAN',	'EUROPEAN',		'_EURO',		6,				'bmc_akkamap.dds',			'bmc_akkadom.dds'),
						  ('CIVILIZATION_MULUSH',		'PLAYERCOLOR_MULUSH',		'ARTSTYLE_EUROPEAN',	'EUROPEAN',		'_EURO',		7,				'bmc_mulushmap.dds',		'bmc_mulushdom.dds'),
						  ('CIVILIZATION_RUKLUSH',		'PLAYERCOLOR_RUKLUSH',		'ARTSTYLE_EUROPEAN',	'EUROPEAN',		'_EURO',		8,				'bmc_ruklushmap.dds',		'bmc_ruklushdom.dds'),
						  ('CIVILIZATION_UNDEAD',		'PLAYERCOLOR_UNDEAD',		'ARTSTYLE_EUROPEAN',	'EUROPEAN',		'_EURO',		9,				'bmc_undeadmap.dds',		'bmc_undeaddom.dds'),
						  ('CIVILIZATION_CELESTIALS',	'PLAYERCOLOR_CELESTIALS',	'ARTSTYLE_EUROPEAN',	'EUROPEAN',		'_EURO',		10,				'bmc_celestialsmap.dds',	'bmc_celestialsdom.dds'),
						  ('CIVILIZATION_INFERNALS',	'PLAYERCOLOR_INFERNALS',	'ARTSTYLE_EUROPEAN',	'EUROPEAN',		'_EURO',		11,				'bmc_infernalsmap.dds',		'bmc_infernalsdom.dds');
UPDATE Civilizations SET IconAtlas = 'ATLAS_BMC_CIVILIZATIONS' WHERE Type != 'CIVILIZATION_MINOR';
UPDATE Civilizations SET AlphaIconAtlas = 'ATLAS_BMC_CIVILIZATIONS_ALPHA' WHERE Type != 'CIVILIZATION_MINOR';
UPDATE Civilizations SET PortraitIndex = 12 WHERE Type = 'CIVILIZATION_BARBARIAN';
UPDATE Civilizations SET Description = 'TXT_KEY_BMC_' || Type WHERE Type != 'CIVILIZATION_MINOR';
UPDATE Civilizations SET ShortDescription = Description || '_SHORT', Adjective = Description || '_ADJ' WHERE Type != 'CIVILIZATION_MINOR';
UPDATE Civilizations SET CivilopediaTag = Description || '_PEDIA' WHERE Type NOT IN ('CIVILIZATION_BARBARIAN', 'CIVILIZATION_MINOR');
UPDATE Civilizations SET DawnOfManQuote = Description || '_DOM' WHERE Type NOT IN ('CIVILIZATION_BARBARIAN', 'CIVILIZATION_MINOR');
CREATE TABLE IDRemapper ( id INTEGER PRIMARY KEY AUTOINCREMENT, Type TEXT );
INSERT INTO IDRemapper (Type) SELECT Type FROM Civilizations ORDER BY ID;
UPDATE Civilizations SET ID =	( SELECT IDRemapper.id-1 FROM IDRemapper WHERE Civilizations.Type = IDRemapper.Type);
DROP TABLE IDRemapper;
INSERT INTO Civilization_Leaders (CivilizationType,				LeaderheadType) VALUES
								 ('CIVILIZATION_VANDARIA',		'LEADER_KASTUS_ROLAND'),
								 ('CIVILIZATION_KIZU',			'LEADER_JU_HAI'),
								 ('CIVILIZATION_KROSVIK',		'LEADER_ASTVALDUR_KOPURSSON'),
								 ('CIVILIZATION_ISMALIA',		'LEADER_ABU_MADANI'),
								 ('CIVILIZATION_ILADOREA',		'LEADER_HALDIRIAN_EAGLEBOW'),
								 ('CIVILIZATION_GVORANDIA',		'LEADER_ULFGAR_THOREKSSON'),
								 ('CIVILIZATION_AKKA',			'LEADER_UNGRI_SNAKEHEART'),
								 ('CIVILIZATION_MULUSH',		'LEADER_SLAUGH_FANGHELM'),
								 ('CIVILIZATION_RUKLUSH',		'LEADER_HRANTZI_ROCKJAW'),
								 ('CIVILIZATION_UNDEAD',		'LEADER_THE_NECROMANCER'),
								 ('CIVILIZATION_CELESTIALS',	'LEADER_ANDRIEL'),
								 ('CIVILIZATION_INFERNALS',		'LEADER_THE_DARK_PRINCE');
-- placeholder overrides until actual units are done
INSERT INTO Civilization_UnitClassOverrides (CivilizationType,			UnitClassType,			UnitType) VALUES
											('CIVILIZATION_VANDARIA',	'UNITCLASS_WARRIOR',	'UNIT_WARRIOR'),
											('CIVILIZATION_VANDARIA',	'UNITCLASS_ARCHER',		'UNIT_ARCHER'),
											('CIVILIZATION_KIZU',		'UNITCLASS_WARRIOR',	'UNIT_WARRIOR'),
											('CIVILIZATION_KIZU',		'UNITCLASS_ARCHER',		'UNIT_ARCHER'),
											('CIVILIZATION_KROSVIK',	'UNITCLASS_WARRIOR',	'UNIT_WARRIOR'),
											('CIVILIZATION_KROSVIK',	'UNITCLASS_ARCHER',		'UNIT_ARCHER'),
											('CIVILIZATION_ISMALIA',	'UNITCLASS_WARRIOR',	'UNIT_WARRIOR'),
											('CIVILIZATION_ISMALIA',	'UNITCLASS_ARCHER',		'UNIT_ARCHER'),
											('CIVILIZATION_ILADOREA',	'UNITCLASS_WARRIOR',	'UNIT_WARRIOR'),
											('CIVILIZATION_ILADOREA',	'UNITCLASS_ARCHER',		'UNIT_ARCHER'),
											('CIVILIZATION_GVORANDIA',	'UNITCLASS_WARRIOR',	'UNIT_WARRIOR'),
											('CIVILIZATION_GVORANDIA',	'UNITCLASS_ARCHER',		'UNIT_ARCHER'),
											('CIVILIZATION_AKKA',		'UNITCLASS_WARRIOR',	'UNIT_WARRIOR'),
											('CIVILIZATION_AKKA',		'UNITCLASS_ARCHER',		'UNIT_ARCHER'),
											('CIVILIZATION_MULUSH',		'UNITCLASS_WARRIOR',	'UNIT_WARRIOR'),
											('CIVILIZATION_MULUSH',		'UNITCLASS_ARCHER',		'UNIT_ARCHER'),
											('CIVILIZATION_RUKLUSH',	'UNITCLASS_WARRIOR',	'UNIT_WARRIOR'),
											('CIVILIZATION_RUKLUSH',	'UNITCLASS_ARCHER',		'UNIT_ARCHER'),
											('CIVILIZATION_UNDEAD',		'UNITCLASS_WARRIOR',	'UNIT_WARRIOR'),
											('CIVILIZATION_UNDEAD',		'UNITCLASS_ARCHER',		'UNIT_ARCHER'),
											('CIVILIZATION_CELESTIALS',	'UNITCLASS_WARRIOR',	'UNIT_WARRIOR'),
											('CIVILIZATION_CELESTIALS',	'UNITCLASS_ARCHER',		'UNIT_ARCHER'),
											('CIVILIZATION_INFERNALS',	'UNITCLASS_WARRIOR',	'UNIT_WARRIOR'),
											('CIVILIZATION_INFERNALS',	'UNITCLASS_ARCHER',		'UNIT_ARCHER');
-- placeholder religions until actual religions are done
INSERT INTO Civilization_Religions (CivilizationType,			ReligionType) VALUES
								   ('CIVILIZATION_VANDARIA',	'RELIGION_CHRISTIANITY'),
								   ('CIVILIZATION_KIZU',		'RELIGION_CHRISTIANITY'),
								   ('CIVILIZATION_KROSVIK',		'RELIGION_CHRISTIANITY'),
								   ('CIVILIZATION_ISMALIA',		'RELIGION_CHRISTIANITY'),
								   ('CIVILIZATION_ILADOREA',	'RELIGION_CHRISTIANITY'),
								   ('CIVILIZATION_GVORANDIA',	'RELIGION_CHRISTIANITY'),
								   ('CIVILIZATION_AKKA',		'RELIGION_CHRISTIANITY'),
								   ('CIVILIZATION_MULUSH',		'RELIGION_CHRISTIANITY'),
								   ('CIVILIZATION_RUKLUSH',		'RELIGION_CHRISTIANITY'),
								   ('CIVILIZATION_UNDEAD',		'RELIGION_CHRISTIANITY'),
								   ('CIVILIZATION_CELESTIALS',	'RELIGION_CHRISTIANITY'),
								   ('CIVILIZATION_INFERNALS',	'RELIGION_CHRISTIANITY');
-- placeholder until actual buildings are done
INSERT INTO Civilization_FreeBuildingClasses (CivilizationType,				BuildingClassType) VALUES
											 ('CIVILIZATION_VANDARIA',		'BUILDINGCLASS_PALACE'),
											 ('CIVILIZATION_KIZU',			'BUILDINGCLASS_PALACE'),
											 ('CIVILIZATION_KROSVIK',		'BUILDINGCLASS_PALACE'),
											 ('CIVILIZATION_ISMALIA',		'BUILDINGCLASS_PALACE'),
											 ('CIVILIZATION_ILADOREA',		'BUILDINGCLASS_PALACE'),
											 ('CIVILIZATION_GVORANDIA',		'BUILDINGCLASS_PALACE'),
											 ('CIVILIZATION_AKKA',			'BUILDINGCLASS_PALACE'),
											 ('CIVILIZATION_MULUSH',		'BUILDINGCLASS_PALACE'),
											 ('CIVILIZATION_RUKLUSH',		'BUILDINGCLASS_PALACE'),
											 ('CIVILIZATION_UNDEAD',		'BUILDINGCLASS_PALACE'),
											 ('CIVILIZATION_CELESTIALS',	'BUILDINGCLASS_PALACE'),
											 ('CIVILIZATION_INFERNALS',		'BUILDINGCLASS_PALACE');
INSERT INTO Civilization_FreeTechs (CivilizationType,			TechType) VALUES
								   ('CIVILIZATION_VANDARIA',	'TECH_SETTLEMENTS'),
								   ('CIVILIZATION_KIZU',		'TECH_SETTLEMENTS'),
								   ('CIVILIZATION_KROSVIK',		'TECH_SETTLEMENTS'),
								   ('CIVILIZATION_ISMALIA',		'TECH_SETTLEMENTS'),
								   ('CIVILIZATION_ILADOREA',	'TECH_SETTLEMENTS'),
								   ('CIVILIZATION_GVORANDIA',	'TECH_SETTLEMENTS'),
								   ('CIVILIZATION_AKKA',		'TECH_SETTLEMENTS'),
								   ('CIVILIZATION_MULUSH',		'TECH_SETTLEMENTS'),
								   ('CIVILIZATION_RUKLUSH',		'TECH_SETTLEMENTS'),
								   ('CIVILIZATION_UNDEAD',		'TECH_SETTLEMENTS'),
								   ('CIVILIZATION_CELESTIALS',	'TECH_SETTLEMENTS'),
								   ('CIVILIZATION_INFERNALS',	'TECH_SETTLEMENTS');
INSERT INTO Civilization_FreeUnits (CivilizationType,			UnitClassType,			UnitAIType,			Count) VALUES
								   ('CIVILIZATION_VANDARIA',	'UNITCLASS_SETTLER',	'UNITAI_SETTLE',	1),
								   ('CIVILIZATION_KIZU',		'UNITCLASS_SETTLER',	'UNITAI_SETTLE',	1),
								   ('CIVILIZATION_KROSVIK',		'UNITCLASS_SETTLER',	'UNITAI_SETTLE',	1),
								   ('CIVILIZATION_ISMALIA',		'UNITCLASS_SETTLER',	'UNITAI_SETTLE',	1),
								   ('CIVILIZATION_ILADOREA',	'UNITCLASS_SETTLER',	'UNITAI_SETTLE',	1),
								   ('CIVILIZATION_GVORANDIA',	'UNITCLASS_SETTLER',	'UNITAI_SETTLE',	1),
								   ('CIVILIZATION_AKKA',		'UNITCLASS_SETTLER',	'UNITAI_SETTLE',	1),
								   ('CIVILIZATION_MULUSH',		'UNITCLASS_SETTLER',	'UNITAI_SETTLE',	1),
								   ('CIVILIZATION_RUKLUSH',		'UNITCLASS_SETTLER',	'UNITAI_SETTLE',	1),
								   ('CIVILIZATION_UNDEAD',		'UNITCLASS_SETTLER',	'UNITAI_SETTLE',	1),
								   ('CIVILIZATION_CELESTIALS',	'UNITCLASS_SETTLER',	'UNITAI_SETTLE',	1),
								   ('CIVILIZATION_INFERNALS',	'UNITCLASS_SETTLER',	'UNITAI_SETTLE',	1);
INSERT INTO Civilization_CityNames (CivilizationType,			CityName) VALUES
								   ('CIVILIZATION_VANDARIA',	'TXT_KEY_BMC_CITYNAME_VANDARIA_0'),
								   ('CIVILIZATION_VANDARIA',	'TXT_KEY_BMC_CITYNAME_VANDARIA_1'),
								   ('CIVILIZATION_VANDARIA',	'TXT_KEY_BMC_CITYNAME_VANDARIA_2'),
								   ('CIVILIZATION_VANDARIA',	'TXT_KEY_BMC_CITYNAME_VANDARIA_3'),
								   ('CIVILIZATION_VANDARIA',	'TXT_KEY_BMC_CITYNAME_VANDARIA_4'),
								   ('CIVILIZATION_VANDARIA',	'TXT_KEY_BMC_CITYNAME_VANDARIA_5'),
								   ('CIVILIZATION_VANDARIA',	'TXT_KEY_BMC_CITYNAME_VANDARIA_6'),
								   ('CIVILIZATION_VANDARIA',	'TXT_KEY_BMC_CITYNAME_VANDARIA_7'),
								   ('CIVILIZATION_VANDARIA',	'TXT_KEY_BMC_CITYNAME_VANDARIA_8'),
								   ('CIVILIZATION_VANDARIA',	'TXT_KEY_BMC_CITYNAME_VANDARIA_9'),
								   ('CIVILIZATION_VANDARIA',	'TXT_KEY_BMC_CITYNAME_VANDARIA_10'),
								   ('CIVILIZATION_VANDARIA',	'TXT_KEY_BMC_CITYNAME_VANDARIA_11'),
								   ('CIVILIZATION_VANDARIA',	'TXT_KEY_BMC_CITYNAME_VANDARIA_12'),
								   ('CIVILIZATION_VANDARIA',	'TXT_KEY_BMC_CITYNAME_VANDARIA_13'),
								   ('CIVILIZATION_VANDARIA',	'TXT_KEY_BMC_CITYNAME_VANDARIA_14'),
								   ('CIVILIZATION_VANDARIA',	'TXT_KEY_BMC_CITYNAME_VANDARIA_15'),
								   ('CIVILIZATION_VANDARIA',	'TXT_KEY_BMC_CITYNAME_VANDARIA_16'),
								   ('CIVILIZATION_VANDARIA',	'TXT_KEY_BMC_CITYNAME_VANDARIA_17'),
								   ('CIVILIZATION_VANDARIA',	'TXT_KEY_BMC_CITYNAME_VANDARIA_18'),
								   ('CIVILIZATION_VANDARIA',	'TXT_KEY_BMC_CITYNAME_VANDARIA_19'),
								   ('CIVILIZATION_KIZU',		'TXT_KEY_BMC_CITYNAME_KIZU_0'),
								   ('CIVILIZATION_KIZU',		'TXT_KEY_BMC_CITYNAME_KIZU_1'),
								   ('CIVILIZATION_KIZU',		'TXT_KEY_BMC_CITYNAME_KIZU_2'),
								   ('CIVILIZATION_KIZU',		'TXT_KEY_BMC_CITYNAME_KIZU_3'),
								   ('CIVILIZATION_KIZU',		'TXT_KEY_BMC_CITYNAME_KIZU_4'),
								   ('CIVILIZATION_KIZU',		'TXT_KEY_BMC_CITYNAME_KIZU_5'),
								   ('CIVILIZATION_KIZU',		'TXT_KEY_BMC_CITYNAME_KIZU_6'),
								   ('CIVILIZATION_KIZU',		'TXT_KEY_BMC_CITYNAME_KIZU_7'),
								   ('CIVILIZATION_KIZU',		'TXT_KEY_BMC_CITYNAME_KIZU_8'),
								   ('CIVILIZATION_KIZU',		'TXT_KEY_BMC_CITYNAME_KIZU_9'),
								   ('CIVILIZATION_KIZU',		'TXT_KEY_BMC_CITYNAME_KIZU_10'),
								   ('CIVILIZATION_KIZU',		'TXT_KEY_BMC_CITYNAME_KIZU_11'),
								   ('CIVILIZATION_KIZU',		'TXT_KEY_BMC_CITYNAME_KIZU_12'),
								   ('CIVILIZATION_KIZU',		'TXT_KEY_BMC_CITYNAME_KIZU_13'),
								   ('CIVILIZATION_KIZU',		'TXT_KEY_BMC_CITYNAME_KIZU_14'),
								   ('CIVILIZATION_KIZU',		'TXT_KEY_BMC_CITYNAME_KIZU_15'),
								   ('CIVILIZATION_KIZU',		'TXT_KEY_BMC_CITYNAME_KIZU_16'),
								   ('CIVILIZATION_KIZU',		'TXT_KEY_BMC_CITYNAME_KIZU_17'),
								   ('CIVILIZATION_KIZU',		'TXT_KEY_BMC_CITYNAME_KIZU_18'),
								   ('CIVILIZATION_KIZU',		'TXT_KEY_BMC_CITYNAME_KIZU_19'),
								   ('CIVILIZATION_KROSVIK',		'TXT_KEY_BMC_CITYNAME_KROSVIK_0'),
								   ('CIVILIZATION_KROSVIK',		'TXT_KEY_BMC_CITYNAME_KROSVIK_1'),
								   ('CIVILIZATION_KROSVIK',		'TXT_KEY_BMC_CITYNAME_KROSVIK_2'),
								   ('CIVILIZATION_KROSVIK',		'TXT_KEY_BMC_CITYNAME_KROSVIK_3'),
								   ('CIVILIZATION_KROSVIK',		'TXT_KEY_BMC_CITYNAME_KROSVIK_4'),
								   ('CIVILIZATION_KROSVIK',		'TXT_KEY_BMC_CITYNAME_KROSVIK_5'),
								   ('CIVILIZATION_KROSVIK',		'TXT_KEY_BMC_CITYNAME_KROSVIK_6'),
								   ('CIVILIZATION_KROSVIK',		'TXT_KEY_BMC_CITYNAME_KROSVIK_7'),
								   ('CIVILIZATION_KROSVIK',		'TXT_KEY_BMC_CITYNAME_KROSVIK_8'),
								   ('CIVILIZATION_KROSVIK',		'TXT_KEY_BMC_CITYNAME_KROSVIK_9'),
								   ('CIVILIZATION_KROSVIK',		'TXT_KEY_BMC_CITYNAME_KROSVIK_10'),
								   ('CIVILIZATION_KROSVIK',		'TXT_KEY_BMC_CITYNAME_KROSVIK_11'),
								   ('CIVILIZATION_KROSVIK',		'TXT_KEY_BMC_CITYNAME_KROSVIK_12'),
								   ('CIVILIZATION_KROSVIK',		'TXT_KEY_BMC_CITYNAME_KROSVIK_13'),
								   ('CIVILIZATION_KROSVIK',		'TXT_KEY_BMC_CITYNAME_KROSVIK_14'),
								   ('CIVILIZATION_KROSVIK',		'TXT_KEY_BMC_CITYNAME_KROSVIK_15'),
								   ('CIVILIZATION_KROSVIK',		'TXT_KEY_BMC_CITYNAME_KROSVIK_16'),
								   ('CIVILIZATION_KROSVIK',		'TXT_KEY_BMC_CITYNAME_KROSVIK_17'),
								   ('CIVILIZATION_KROSVIK',		'TXT_KEY_BMC_CITYNAME_KROSVIK_18'),
								   ('CIVILIZATION_KROSVIK',		'TXT_KEY_BMC_CITYNAME_KROSVIK_19'),
								   ('CIVILIZATION_ISMALIA',		'TXT_KEY_BMC_CITYNAME_ISMALIA_0'),
								   ('CIVILIZATION_ISMALIA',		'TXT_KEY_BMC_CITYNAME_ISMALIA_1'),
								   ('CIVILIZATION_ISMALIA',		'TXT_KEY_BMC_CITYNAME_ISMALIA_2'),
								   ('CIVILIZATION_ISMALIA',		'TXT_KEY_BMC_CITYNAME_ISMALIA_3'),
								   ('CIVILIZATION_ISMALIA',		'TXT_KEY_BMC_CITYNAME_ISMALIA_4'),
								   ('CIVILIZATION_ISMALIA',		'TXT_KEY_BMC_CITYNAME_ISMALIA_5'),
								   ('CIVILIZATION_ISMALIA',		'TXT_KEY_BMC_CITYNAME_ISMALIA_6'),
								   ('CIVILIZATION_ISMALIA',		'TXT_KEY_BMC_CITYNAME_ISMALIA_7'),
								   ('CIVILIZATION_ISMALIA',		'TXT_KEY_BMC_CITYNAME_ISMALIA_8'),
								   ('CIVILIZATION_ISMALIA',		'TXT_KEY_BMC_CITYNAME_ISMALIA_9'),
								   ('CIVILIZATION_ISMALIA',		'TXT_KEY_BMC_CITYNAME_ISMALIA_10'),
								   ('CIVILIZATION_ISMALIA',		'TXT_KEY_BMC_CITYNAME_ISMALIA_11'),
								   ('CIVILIZATION_ISMALIA',		'TXT_KEY_BMC_CITYNAME_ISMALIA_12'),
								   ('CIVILIZATION_ISMALIA',		'TXT_KEY_BMC_CITYNAME_ISMALIA_13'),
								   ('CIVILIZATION_ISMALIA',		'TXT_KEY_BMC_CITYNAME_ISMALIA_14'),
								   ('CIVILIZATION_ISMALIA',		'TXT_KEY_BMC_CITYNAME_ISMALIA_15'),
								   ('CIVILIZATION_ISMALIA',		'TXT_KEY_BMC_CITYNAME_ISMALIA_16'),
								   ('CIVILIZATION_ISMALIA',		'TXT_KEY_BMC_CITYNAME_ISMALIA_17'),
								   ('CIVILIZATION_ISMALIA',		'TXT_KEY_BMC_CITYNAME_ISMALIA_18'),
								   ('CIVILIZATION_ISMALIA',		'TXT_KEY_BMC_CITYNAME_ISMALIA_19'),
								   ('CIVILIZATION_ILADOREA',	'TXT_KEY_BMC_CITYNAME_ILADOREA_0'),
								   ('CIVILIZATION_ILADOREA',	'TXT_KEY_BMC_CITYNAME_ILADOREA_1'),
								   ('CIVILIZATION_ILADOREA',	'TXT_KEY_BMC_CITYNAME_ILADOREA_2'),
								   ('CIVILIZATION_ILADOREA',	'TXT_KEY_BMC_CITYNAME_ILADOREA_3'),
								   ('CIVILIZATION_ILADOREA',	'TXT_KEY_BMC_CITYNAME_ILADOREA_4'),
								   ('CIVILIZATION_ILADOREA',	'TXT_KEY_BMC_CITYNAME_ILADOREA_5'),
								   ('CIVILIZATION_ILADOREA',	'TXT_KEY_BMC_CITYNAME_ILADOREA_6'),
								   ('CIVILIZATION_ILADOREA',	'TXT_KEY_BMC_CITYNAME_ILADOREA_7'),
								   ('CIVILIZATION_ILADOREA',	'TXT_KEY_BMC_CITYNAME_ILADOREA_8'),
								   ('CIVILIZATION_ILADOREA',	'TXT_KEY_BMC_CITYNAME_ILADOREA_9'),
								   ('CIVILIZATION_ILADOREA',	'TXT_KEY_BMC_CITYNAME_ILADOREA_10'),
								   ('CIVILIZATION_ILADOREA',	'TXT_KEY_BMC_CITYNAME_ILADOREA_11'),
								   ('CIVILIZATION_ILADOREA',	'TXT_KEY_BMC_CITYNAME_ILADOREA_12'),
								   ('CIVILIZATION_ILADOREA',	'TXT_KEY_BMC_CITYNAME_ILADOREA_13'),
								   ('CIVILIZATION_ILADOREA',	'TXT_KEY_BMC_CITYNAME_ILADOREA_14'),
								   ('CIVILIZATION_ILADOREA',	'TXT_KEY_BMC_CITYNAME_ILADOREA_15'),
								   ('CIVILIZATION_ILADOREA',	'TXT_KEY_BMC_CITYNAME_ILADOREA_16'),
								   ('CIVILIZATION_ILADOREA',	'TXT_KEY_BMC_CITYNAME_ILADOREA_17'),
								   ('CIVILIZATION_ILADOREA',	'TXT_KEY_BMC_CITYNAME_ILADOREA_18'),
								   ('CIVILIZATION_ILADOREA',	'TXT_KEY_BMC_CITYNAME_ILADOREA_19'),
								   ('CIVILIZATION_GVORANDIA',	'TXT_KEY_BMC_CITYNAME_GVORANDIA_0'),
								   ('CIVILIZATION_GVORANDIA',	'TXT_KEY_BMC_CITYNAME_GVORANDIA_1'),
								   ('CIVILIZATION_GVORANDIA',	'TXT_KEY_BMC_CITYNAME_GVORANDIA_2'),
								   ('CIVILIZATION_GVORANDIA',	'TXT_KEY_BMC_CITYNAME_GVORANDIA_3'),
								   ('CIVILIZATION_GVORANDIA',	'TXT_KEY_BMC_CITYNAME_GVORANDIA_4'),
								   ('CIVILIZATION_GVORANDIA',	'TXT_KEY_BMC_CITYNAME_GVORANDIA_5'),
								   ('CIVILIZATION_GVORANDIA',	'TXT_KEY_BMC_CITYNAME_GVORANDIA_6'),
								   ('CIVILIZATION_GVORANDIA',	'TXT_KEY_BMC_CITYNAME_GVORANDIA_7'),
								   ('CIVILIZATION_GVORANDIA',	'TXT_KEY_BMC_CITYNAME_GVORANDIA_8'),
								   ('CIVILIZATION_GVORANDIA',	'TXT_KEY_BMC_CITYNAME_GVORANDIA_9'),
								   ('CIVILIZATION_GVORANDIA',	'TXT_KEY_BMC_CITYNAME_GVORANDIA_10'),
								   ('CIVILIZATION_GVORANDIA',	'TXT_KEY_BMC_CITYNAME_GVORANDIA_11'),
								   ('CIVILIZATION_GVORANDIA',	'TXT_KEY_BMC_CITYNAME_GVORANDIA_12'),
								   ('CIVILIZATION_GVORANDIA',	'TXT_KEY_BMC_CITYNAME_GVORANDIA_13'),
								   ('CIVILIZATION_GVORANDIA',	'TXT_KEY_BMC_CITYNAME_GVORANDIA_14'),
								   ('CIVILIZATION_GVORANDIA',	'TXT_KEY_BMC_CITYNAME_GVORANDIA_15'),
								   ('CIVILIZATION_GVORANDIA',	'TXT_KEY_BMC_CITYNAME_GVORANDIA_16'),
								   ('CIVILIZATION_GVORANDIA',	'TXT_KEY_BMC_CITYNAME_GVORANDIA_17'),
								   ('CIVILIZATION_GVORANDIA',	'TXT_KEY_BMC_CITYNAME_GVORANDIA_18'),
								   ('CIVILIZATION_GVORANDIA',	'TXT_KEY_BMC_CITYNAME_GVORANDIA_19'),
								   ('CIVILIZATION_AKKA',		'TXT_KEY_BMC_CITYNAME_AKKA_0'),
								   ('CIVILIZATION_AKKA',		'TXT_KEY_BMC_CITYNAME_AKKA_1'),
								   ('CIVILIZATION_AKKA',		'TXT_KEY_BMC_CITYNAME_AKKA_2'),
								   ('CIVILIZATION_AKKA',		'TXT_KEY_BMC_CITYNAME_AKKA_3'),
								   ('CIVILIZATION_AKKA',		'TXT_KEY_BMC_CITYNAME_AKKA_4'),
								   ('CIVILIZATION_AKKA',		'TXT_KEY_BMC_CITYNAME_AKKA_5'),
								   ('CIVILIZATION_AKKA',		'TXT_KEY_BMC_CITYNAME_AKKA_6'),
								   ('CIVILIZATION_AKKA',		'TXT_KEY_BMC_CITYNAME_AKKA_7'),
								   ('CIVILIZATION_AKKA',		'TXT_KEY_BMC_CITYNAME_AKKA_8'),
								   ('CIVILIZATION_AKKA',		'TXT_KEY_BMC_CITYNAME_AKKA_9'),
								   ('CIVILIZATION_AKKA',		'TXT_KEY_BMC_CITYNAME_AKKA_10'),
								   ('CIVILIZATION_AKKA',		'TXT_KEY_BMC_CITYNAME_AKKA_11'),
								   ('CIVILIZATION_AKKA',		'TXT_KEY_BMC_CITYNAME_AKKA_12'),
								   ('CIVILIZATION_AKKA',		'TXT_KEY_BMC_CITYNAME_AKKA_13'),
								   ('CIVILIZATION_AKKA',		'TXT_KEY_BMC_CITYNAME_AKKA_14'),
								   ('CIVILIZATION_AKKA',		'TXT_KEY_BMC_CITYNAME_AKKA_15'),
								   ('CIVILIZATION_AKKA',		'TXT_KEY_BMC_CITYNAME_AKKA_16'),
								   ('CIVILIZATION_AKKA',		'TXT_KEY_BMC_CITYNAME_AKKA_17'),
								   ('CIVILIZATION_AKKA',		'TXT_KEY_BMC_CITYNAME_AKKA_18'),
								   ('CIVILIZATION_AKKA',		'TXT_KEY_BMC_CITYNAME_AKKA_19'),
								   ('CIVILIZATION_MULUSH',		'TXT_KEY_BMC_CITYNAME_MULUSH_0'),
								   ('CIVILIZATION_MULUSH',		'TXT_KEY_BMC_CITYNAME_MULUSH_1'),
								   ('CIVILIZATION_MULUSH',		'TXT_KEY_BMC_CITYNAME_MULUSH_2'),
								   ('CIVILIZATION_MULUSH',		'TXT_KEY_BMC_CITYNAME_MULUSH_3'),
								   ('CIVILIZATION_MULUSH',		'TXT_KEY_BMC_CITYNAME_MULUSH_4'),
								   ('CIVILIZATION_MULUSH',		'TXT_KEY_BMC_CITYNAME_MULUSH_5'),
								   ('CIVILIZATION_MULUSH',		'TXT_KEY_BMC_CITYNAME_MULUSH_6'),
								   ('CIVILIZATION_MULUSH',		'TXT_KEY_BMC_CITYNAME_MULUSH_7'),
								   ('CIVILIZATION_MULUSH',		'TXT_KEY_BMC_CITYNAME_MULUSH_8'),
								   ('CIVILIZATION_MULUSH',		'TXT_KEY_BMC_CITYNAME_MULUSH_9'),
								   ('CIVILIZATION_MULUSH',		'TXT_KEY_BMC_CITYNAME_MULUSH_10'),
								   ('CIVILIZATION_MULUSH',		'TXT_KEY_BMC_CITYNAME_MULUSH_11'),
								   ('CIVILIZATION_MULUSH',		'TXT_KEY_BMC_CITYNAME_MULUSH_12'),
								   ('CIVILIZATION_MULUSH',		'TXT_KEY_BMC_CITYNAME_MULUSH_13'),
								   ('CIVILIZATION_MULUSH',		'TXT_KEY_BMC_CITYNAME_MULUSH_14'),
								   ('CIVILIZATION_MULUSH',		'TXT_KEY_BMC_CITYNAME_MULUSH_15'),
								   ('CIVILIZATION_MULUSH',		'TXT_KEY_BMC_CITYNAME_MULUSH_16'),
								   ('CIVILIZATION_MULUSH',		'TXT_KEY_BMC_CITYNAME_MULUSH_17'),
								   ('CIVILIZATION_MULUSH',		'TXT_KEY_BMC_CITYNAME_MULUSH_18'),
								   ('CIVILIZATION_MULUSH',		'TXT_KEY_BMC_CITYNAME_MULUSH_19'),
								   ('CIVILIZATION_RUKLUSH',		'TXT_KEY_BMC_CITYNAME_RUKLUSH_0'),
								   ('CIVILIZATION_RUKLUSH',		'TXT_KEY_BMC_CITYNAME_RUKLUSH_1'),
								   ('CIVILIZATION_RUKLUSH',		'TXT_KEY_BMC_CITYNAME_RUKLUSH_2'),
								   ('CIVILIZATION_RUKLUSH',		'TXT_KEY_BMC_CITYNAME_RUKLUSH_3'),
								   ('CIVILIZATION_RUKLUSH',		'TXT_KEY_BMC_CITYNAME_RUKLUSH_4'),
								   ('CIVILIZATION_RUKLUSH',		'TXT_KEY_BMC_CITYNAME_RUKLUSH_5'),
								   ('CIVILIZATION_RUKLUSH',		'TXT_KEY_BMC_CITYNAME_RUKLUSH_6'),
								   ('CIVILIZATION_RUKLUSH',		'TXT_KEY_BMC_CITYNAME_RUKLUSH_7'),
								   ('CIVILIZATION_RUKLUSH',		'TXT_KEY_BMC_CITYNAME_RUKLUSH_8'),
								   ('CIVILIZATION_RUKLUSH',		'TXT_KEY_BMC_CITYNAME_RUKLUSH_9'),
								   ('CIVILIZATION_RUKLUSH',		'TXT_KEY_BMC_CITYNAME_RUKLUSH_10'),
								   ('CIVILIZATION_RUKLUSH',		'TXT_KEY_BMC_CITYNAME_RUKLUSH_11'),
								   ('CIVILIZATION_RUKLUSH',		'TXT_KEY_BMC_CITYNAME_RUKLUSH_12'),
								   ('CIVILIZATION_RUKLUSH',		'TXT_KEY_BMC_CITYNAME_RUKLUSH_13'),
								   ('CIVILIZATION_RUKLUSH',		'TXT_KEY_BMC_CITYNAME_RUKLUSH_14'),
								   ('CIVILIZATION_RUKLUSH',		'TXT_KEY_BMC_CITYNAME_RUKLUSH_15'),
								   ('CIVILIZATION_RUKLUSH',		'TXT_KEY_BMC_CITYNAME_RUKLUSH_16'),
								   ('CIVILIZATION_RUKLUSH',		'TXT_KEY_BMC_CITYNAME_RUKLUSH_17'),
								   ('CIVILIZATION_RUKLUSH',		'TXT_KEY_BMC_CITYNAME_RUKLUSH_18'),
								   ('CIVILIZATION_RUKLUSH',		'TXT_KEY_BMC_CITYNAME_RUKLUSH_19'),
								   ('CIVILIZATION_UNDEAD',		'TXT_KEY_BMC_CITYNAME_UNDEAD_0'),
								   ('CIVILIZATION_UNDEAD',		'TXT_KEY_BMC_CITYNAME_UNDEAD_1'),
								   ('CIVILIZATION_UNDEAD',		'TXT_KEY_BMC_CITYNAME_UNDEAD_2'),
								   ('CIVILIZATION_UNDEAD',		'TXT_KEY_BMC_CITYNAME_UNDEAD_3'),
								   ('CIVILIZATION_UNDEAD',		'TXT_KEY_BMC_CITYNAME_UNDEAD_4'),
								   ('CIVILIZATION_UNDEAD',		'TXT_KEY_BMC_CITYNAME_UNDEAD_5'),
								   ('CIVILIZATION_UNDEAD',		'TXT_KEY_BMC_CITYNAME_UNDEAD_6'),
								   ('CIVILIZATION_UNDEAD',		'TXT_KEY_BMC_CITYNAME_UNDEAD_7'),
								   ('CIVILIZATION_UNDEAD',		'TXT_KEY_BMC_CITYNAME_UNDEAD_8'),
								   ('CIVILIZATION_UNDEAD',		'TXT_KEY_BMC_CITYNAME_UNDEAD_9'),
								   ('CIVILIZATION_UNDEAD',		'TXT_KEY_BMC_CITYNAME_UNDEAD_10'),
								   ('CIVILIZATION_UNDEAD',		'TXT_KEY_BMC_CITYNAME_UNDEAD_11'),
								   ('CIVILIZATION_UNDEAD',		'TXT_KEY_BMC_CITYNAME_UNDEAD_12'),
								   ('CIVILIZATION_UNDEAD',		'TXT_KEY_BMC_CITYNAME_UNDEAD_13'),
								   ('CIVILIZATION_UNDEAD',		'TXT_KEY_BMC_CITYNAME_UNDEAD_14'),
								   ('CIVILIZATION_UNDEAD',		'TXT_KEY_BMC_CITYNAME_UNDEAD_15'),
								   ('CIVILIZATION_UNDEAD',		'TXT_KEY_BMC_CITYNAME_UNDEAD_16'),
								   ('CIVILIZATION_UNDEAD',		'TXT_KEY_BMC_CITYNAME_UNDEAD_17'),
								   ('CIVILIZATION_UNDEAD',		'TXT_KEY_BMC_CITYNAME_UNDEAD_18'),
								   ('CIVILIZATION_UNDEAD',		'TXT_KEY_BMC_CITYNAME_UNDEAD_19'),
								   ('CIVILIZATION_CELESTIALS',	'TXT_KEY_BMC_CITYNAME_CELESTIALS_0'),
								   ('CIVILIZATION_CELESTIALS',	'TXT_KEY_BMC_CITYNAME_CELESTIALS_1'),
								   ('CIVILIZATION_CELESTIALS',	'TXT_KEY_BMC_CITYNAME_CELESTIALS_2'),
								   ('CIVILIZATION_CELESTIALS',	'TXT_KEY_BMC_CITYNAME_CELESTIALS_3'),
								   ('CIVILIZATION_CELESTIALS',	'TXT_KEY_BMC_CITYNAME_CELESTIALS_4'),
								   ('CIVILIZATION_CELESTIALS',	'TXT_KEY_BMC_CITYNAME_CELESTIALS_5'),
								   ('CIVILIZATION_CELESTIALS',	'TXT_KEY_BMC_CITYNAME_CELESTIALS_6'),
								   ('CIVILIZATION_CELESTIALS',	'TXT_KEY_BMC_CITYNAME_CELESTIALS_7'),
								   ('CIVILIZATION_CELESTIALS',	'TXT_KEY_BMC_CITYNAME_CELESTIALS_8'),
								   ('CIVILIZATION_CELESTIALS',	'TXT_KEY_BMC_CITYNAME_CELESTIALS_9'),
								   ('CIVILIZATION_CELESTIALS',	'TXT_KEY_BMC_CITYNAME_CELESTIALS_10'),
								   ('CIVILIZATION_CELESTIALS',	'TXT_KEY_BMC_CITYNAME_CELESTIALS_11'),
								   ('CIVILIZATION_CELESTIALS',	'TXT_KEY_BMC_CITYNAME_CELESTIALS_12'),
								   ('CIVILIZATION_CELESTIALS',	'TXT_KEY_BMC_CITYNAME_CELESTIALS_13'),
								   ('CIVILIZATION_CELESTIALS',	'TXT_KEY_BMC_CITYNAME_CELESTIALS_14'),
								   ('CIVILIZATION_CELESTIALS',	'TXT_KEY_BMC_CITYNAME_CELESTIALS_15'),
								   ('CIVILIZATION_CELESTIALS',	'TXT_KEY_BMC_CITYNAME_CELESTIALS_16'),
								   ('CIVILIZATION_CELESTIALS',	'TXT_KEY_BMC_CITYNAME_CELESTIALS_17'),
								   ('CIVILIZATION_CELESTIALS',	'TXT_KEY_BMC_CITYNAME_CELESTIALS_18'),
								   ('CIVILIZATION_CELESTIALS',	'TXT_KEY_BMC_CITYNAME_CELESTIALS_19'),
								   ('CIVILIZATION_INFERNALS',	'TXT_KEY_BMC_CITYNAME_INFERNALS_0'),
								   ('CIVILIZATION_INFERNALS',	'TXT_KEY_BMC_CITYNAME_INFERNALS_1'),
								   ('CIVILIZATION_INFERNALS',	'TXT_KEY_BMC_CITYNAME_INFERNALS_2'),
								   ('CIVILIZATION_INFERNALS',	'TXT_KEY_BMC_CITYNAME_INFERNALS_3'),
								   ('CIVILIZATION_INFERNALS',	'TXT_KEY_BMC_CITYNAME_INFERNALS_4'),
								   ('CIVILIZATION_INFERNALS',	'TXT_KEY_BMC_CITYNAME_INFERNALS_5'),
								   ('CIVILIZATION_INFERNALS',	'TXT_KEY_BMC_CITYNAME_INFERNALS_6'),
								   ('CIVILIZATION_INFERNALS',	'TXT_KEY_BMC_CITYNAME_INFERNALS_7'),
								   ('CIVILIZATION_INFERNALS',	'TXT_KEY_BMC_CITYNAME_INFERNALS_8'),
								   ('CIVILIZATION_INFERNALS',	'TXT_KEY_BMC_CITYNAME_INFERNALS_9'),
								   ('CIVILIZATION_INFERNALS',	'TXT_KEY_BMC_CITYNAME_INFERNALS_10'),
								   ('CIVILIZATION_INFERNALS',	'TXT_KEY_BMC_CITYNAME_INFERNALS_11'),
								   ('CIVILIZATION_INFERNALS',	'TXT_KEY_BMC_CITYNAME_INFERNALS_12'),
								   ('CIVILIZATION_INFERNALS',	'TXT_KEY_BMC_CITYNAME_INFERNALS_13'),
								   ('CIVILIZATION_INFERNALS',	'TXT_KEY_BMC_CITYNAME_INFERNALS_14'),
								   ('CIVILIZATION_INFERNALS',	'TXT_KEY_BMC_CITYNAME_INFERNALS_15'),
								   ('CIVILIZATION_INFERNALS',	'TXT_KEY_BMC_CITYNAME_INFERNALS_16'),
								   ('CIVILIZATION_INFERNALS',	'TXT_KEY_BMC_CITYNAME_INFERNALS_17'),
								   ('CIVILIZATION_INFERNALS',	'TXT_KEY_BMC_CITYNAME_INFERNALS_18'),
								   ('CIVILIZATION_INFERNALS',	'TXT_KEY_BMC_CITYNAME_INFERNALS_19');
INSERT INTO Civilization_SpyNames (CivilizationType,			SpyName) VALUES
								  ('CIVILIZATION_VANDARIA',		'TXT_KEY_BMC_SPYNAME_VANDARIA_0'),
								  ('CIVILIZATION_VANDARIA',		'TXT_KEY_BMC_SPYNAME_VANDARIA_1'),
								  ('CIVILIZATION_VANDARIA',		'TXT_KEY_BMC_SPYNAME_VANDARIA_2'),
								  ('CIVILIZATION_VANDARIA',		'TXT_KEY_BMC_SPYNAME_VANDARIA_3'),
								  ('CIVILIZATION_VANDARIA',		'TXT_KEY_BMC_SPYNAME_VANDARIA_4'),
								  ('CIVILIZATION_VANDARIA',		'TXT_KEY_BMC_SPYNAME_VANDARIA_5'),
								  ('CIVILIZATION_VANDARIA',		'TXT_KEY_BMC_SPYNAME_VANDARIA_6'),
								  ('CIVILIZATION_VANDARIA',		'TXT_KEY_BMC_SPYNAME_VANDARIA_7'),
								  ('CIVILIZATION_VANDARIA',		'TXT_KEY_BMC_SPYNAME_VANDARIA_8'),
								  ('CIVILIZATION_VANDARIA',		'TXT_KEY_BMC_SPYNAME_VANDARIA_9'),
								  ('CIVILIZATION_KIZU',			'TXT_KEY_BMC_SPYNAME_KIZU_0'),
								  ('CIVILIZATION_KIZU',			'TXT_KEY_BMC_SPYNAME_KIZU_1'),
								  ('CIVILIZATION_KIZU',			'TXT_KEY_BMC_SPYNAME_KIZU_2'),
								  ('CIVILIZATION_KIZU',			'TXT_KEY_BMC_SPYNAME_KIZU_3'),
								  ('CIVILIZATION_KIZU',			'TXT_KEY_BMC_SPYNAME_KIZU_4'),
								  ('CIVILIZATION_KIZU',			'TXT_KEY_BMC_SPYNAME_KIZU_5'),
								  ('CIVILIZATION_KIZU',			'TXT_KEY_BMC_SPYNAME_KIZU_6'),
								  ('CIVILIZATION_KIZU',			'TXT_KEY_BMC_SPYNAME_KIZU_7'),
								  ('CIVILIZATION_KIZU',			'TXT_KEY_BMC_SPYNAME_KIZU_8'),
								  ('CIVILIZATION_KIZU',			'TXT_KEY_BMC_SPYNAME_KIZU_9'),
								  ('CIVILIZATION_KROSVIK',		'TXT_KEY_BMC_SPYNAME_KROSVIK_0'),
								  ('CIVILIZATION_KROSVIK',		'TXT_KEY_BMC_SPYNAME_KROSVIK_1'),
								  ('CIVILIZATION_KROSVIK',		'TXT_KEY_BMC_SPYNAME_KROSVIK_2'),
								  ('CIVILIZATION_KROSVIK',		'TXT_KEY_BMC_SPYNAME_KROSVIK_3'),
								  ('CIVILIZATION_KROSVIK',		'TXT_KEY_BMC_SPYNAME_KROSVIK_4'),
								  ('CIVILIZATION_KROSVIK',		'TXT_KEY_BMC_SPYNAME_KROSVIK_5'),
								  ('CIVILIZATION_KROSVIK',		'TXT_KEY_BMC_SPYNAME_KROSVIK_6'),
								  ('CIVILIZATION_KROSVIK',		'TXT_KEY_BMC_SPYNAME_KROSVIK_7'),
								  ('CIVILIZATION_KROSVIK',		'TXT_KEY_BMC_SPYNAME_KROSVIK_8'),
								  ('CIVILIZATION_KROSVIK',		'TXT_KEY_BMC_SPYNAME_KROSVIK_9'),
								  ('CIVILIZATION_ISMALIA',		'TXT_KEY_BMC_SPYNAME_ISMALIA_0'),
								  ('CIVILIZATION_ISMALIA',		'TXT_KEY_BMC_SPYNAME_ISMALIA_1'),
								  ('CIVILIZATION_ISMALIA',		'TXT_KEY_BMC_SPYNAME_ISMALIA_2'),
								  ('CIVILIZATION_ISMALIA',		'TXT_KEY_BMC_SPYNAME_ISMALIA_3'),
								  ('CIVILIZATION_ISMALIA',		'TXT_KEY_BMC_SPYNAME_ISMALIA_4'),
								  ('CIVILIZATION_ISMALIA',		'TXT_KEY_BMC_SPYNAME_ISMALIA_5'),
								  ('CIVILIZATION_ISMALIA',		'TXT_KEY_BMC_SPYNAME_ISMALIA_6'),
								  ('CIVILIZATION_ISMALIA',		'TXT_KEY_BMC_SPYNAME_ISMALIA_7'),
								  ('CIVILIZATION_ISMALIA',		'TXT_KEY_BMC_SPYNAME_ISMALIA_8'),
								  ('CIVILIZATION_ISMALIA',		'TXT_KEY_BMC_SPYNAME_ISMALIA_9'),
								  ('CIVILIZATION_ILADOREA',		'TXT_KEY_BMC_SPYNAME_ILADOREA_0'),
								  ('CIVILIZATION_ILADOREA',		'TXT_KEY_BMC_SPYNAME_ILADOREA_1'),
								  ('CIVILIZATION_ILADOREA',		'TXT_KEY_BMC_SPYNAME_ILADOREA_2'),
								  ('CIVILIZATION_ILADOREA',		'TXT_KEY_BMC_SPYNAME_ILADOREA_3'),
								  ('CIVILIZATION_ILADOREA',		'TXT_KEY_BMC_SPYNAME_ILADOREA_4'),
								  ('CIVILIZATION_ILADOREA',		'TXT_KEY_BMC_SPYNAME_ILADOREA_5'),
								  ('CIVILIZATION_ILADOREA',		'TXT_KEY_BMC_SPYNAME_ILADOREA_6'),
								  ('CIVILIZATION_ILADOREA',		'TXT_KEY_BMC_SPYNAME_ILADOREA_7'),
								  ('CIVILIZATION_ILADOREA',		'TXT_KEY_BMC_SPYNAME_ILADOREA_8'),
								  ('CIVILIZATION_ILADOREA',		'TXT_KEY_BMC_SPYNAME_ILADOREA_9'),
								  ('CIVILIZATION_GVORANDIA',	'TXT_KEY_BMC_SPYNAME_GVORANDIA_0'),
								  ('CIVILIZATION_GVORANDIA',	'TXT_KEY_BMC_SPYNAME_GVORANDIA_1'),
								  ('CIVILIZATION_GVORANDIA',	'TXT_KEY_BMC_SPYNAME_GVORANDIA_2'),
								  ('CIVILIZATION_GVORANDIA',	'TXT_KEY_BMC_SPYNAME_GVORANDIA_3'),
								  ('CIVILIZATION_GVORANDIA',	'TXT_KEY_BMC_SPYNAME_GVORANDIA_4'),
								  ('CIVILIZATION_GVORANDIA',	'TXT_KEY_BMC_SPYNAME_GVORANDIA_5'),
								  ('CIVILIZATION_GVORANDIA',	'TXT_KEY_BMC_SPYNAME_GVORANDIA_6'),
								  ('CIVILIZATION_GVORANDIA',	'TXT_KEY_BMC_SPYNAME_GVORANDIA_7'),
								  ('CIVILIZATION_GVORANDIA',	'TXT_KEY_BMC_SPYNAME_GVORANDIA_8'),
								  ('CIVILIZATION_GVORANDIA',	'TXT_KEY_BMC_SPYNAME_GVORANDIA_9'),
								  ('CIVILIZATION_AKKA',			'TXT_KEY_BMC_SPYNAME_AKKA_0'),
								  ('CIVILIZATION_AKKA',			'TXT_KEY_BMC_SPYNAME_AKKA_1'),
								  ('CIVILIZATION_AKKA',			'TXT_KEY_BMC_SPYNAME_AKKA_2'),
								  ('CIVILIZATION_AKKA',			'TXT_KEY_BMC_SPYNAME_AKKA_3'),
								  ('CIVILIZATION_AKKA',			'TXT_KEY_BMC_SPYNAME_AKKA_4'),
								  ('CIVILIZATION_AKKA',			'TXT_KEY_BMC_SPYNAME_AKKA_5'),
								  ('CIVILIZATION_AKKA',			'TXT_KEY_BMC_SPYNAME_AKKA_6'),
								  ('CIVILIZATION_AKKA',			'TXT_KEY_BMC_SPYNAME_AKKA_7'),
								  ('CIVILIZATION_AKKA',			'TXT_KEY_BMC_SPYNAME_AKKA_8'),
								  ('CIVILIZATION_AKKA',			'TXT_KEY_BMC_SPYNAME_AKKA_9'),
								  ('CIVILIZATION_MULUSH',		'TXT_KEY_BMC_SPYNAME_MULUSH_0'),
								  ('CIVILIZATION_MULUSH',		'TXT_KEY_BMC_SPYNAME_MULUSH_1'),
								  ('CIVILIZATION_MULUSH',		'TXT_KEY_BMC_SPYNAME_MULUSH_2'),
								  ('CIVILIZATION_MULUSH',		'TXT_KEY_BMC_SPYNAME_MULUSH_3'),
								  ('CIVILIZATION_MULUSH',		'TXT_KEY_BMC_SPYNAME_MULUSH_4'),
								  ('CIVILIZATION_MULUSH',		'TXT_KEY_BMC_SPYNAME_MULUSH_5'),
								  ('CIVILIZATION_MULUSH',		'TXT_KEY_BMC_SPYNAME_MULUSH_6'),
								  ('CIVILIZATION_MULUSH',		'TXT_KEY_BMC_SPYNAME_MULUSH_7'),
								  ('CIVILIZATION_MULUSH',		'TXT_KEY_BMC_SPYNAME_MULUSH_8'),
								  ('CIVILIZATION_MULUSH',		'TXT_KEY_BMC_SPYNAME_MULUSH_9'),
								  ('CIVILIZATION_RUKLUSH',		'TXT_KEY_BMC_SPYNAME_RUKLUSH_0'),
								  ('CIVILIZATION_RUKLUSH',		'TXT_KEY_BMC_SPYNAME_RUKLUSH_1'),
								  ('CIVILIZATION_RUKLUSH',		'TXT_KEY_BMC_SPYNAME_RUKLUSH_2'),
								  ('CIVILIZATION_RUKLUSH',		'TXT_KEY_BMC_SPYNAME_RUKLUSH_3'),
								  ('CIVILIZATION_RUKLUSH',		'TXT_KEY_BMC_SPYNAME_RUKLUSH_4'),
								  ('CIVILIZATION_RUKLUSH',		'TXT_KEY_BMC_SPYNAME_RUKLUSH_5'),
								  ('CIVILIZATION_RUKLUSH',		'TXT_KEY_BMC_SPYNAME_RUKLUSH_6'),
								  ('CIVILIZATION_RUKLUSH',		'TXT_KEY_BMC_SPYNAME_RUKLUSH_7'),
								  ('CIVILIZATION_RUKLUSH',		'TXT_KEY_BMC_SPYNAME_RUKLUSH_8'),
								  ('CIVILIZATION_RUKLUSH',		'TXT_KEY_BMC_SPYNAME_RUKLUSH_9'),
								  ('CIVILIZATION_UNDEAD',		'TXT_KEY_BMC_SPYNAME_UNDEAD_0'),
								  ('CIVILIZATION_UNDEAD',		'TXT_KEY_BMC_SPYNAME_UNDEAD_1'),
								  ('CIVILIZATION_UNDEAD',		'TXT_KEY_BMC_SPYNAME_UNDEAD_2'),
								  ('CIVILIZATION_UNDEAD',		'TXT_KEY_BMC_SPYNAME_UNDEAD_3'),
								  ('CIVILIZATION_UNDEAD',		'TXT_KEY_BMC_SPYNAME_UNDEAD_4'),
								  ('CIVILIZATION_UNDEAD',		'TXT_KEY_BMC_SPYNAME_UNDEAD_5'),
								  ('CIVILIZATION_UNDEAD',		'TXT_KEY_BMC_SPYNAME_UNDEAD_6'),
								  ('CIVILIZATION_UNDEAD',		'TXT_KEY_BMC_SPYNAME_UNDEAD_7'),
								  ('CIVILIZATION_UNDEAD',		'TXT_KEY_BMC_SPYNAME_UNDEAD_8'),
								  ('CIVILIZATION_UNDEAD',		'TXT_KEY_BMC_SPYNAME_UNDEAD_9'),
								  ('CIVILIZATION_CELESTIALS',	'TXT_KEY_BMC_SPYNAME_CELESTIALS_0'),
								  ('CIVILIZATION_CELESTIALS',	'TXT_KEY_BMC_SPYNAME_CELESTIALS_1'),
								  ('CIVILIZATION_CELESTIALS',	'TXT_KEY_BMC_SPYNAME_CELESTIALS_2'),
								  ('CIVILIZATION_CELESTIALS',	'TXT_KEY_BMC_SPYNAME_CELESTIALS_3'),
								  ('CIVILIZATION_CELESTIALS',	'TXT_KEY_BMC_SPYNAME_CELESTIALS_4'),
								  ('CIVILIZATION_CELESTIALS',	'TXT_KEY_BMC_SPYNAME_CELESTIALS_5'),
								  ('CIVILIZATION_CELESTIALS',	'TXT_KEY_BMC_SPYNAME_CELESTIALS_6'),
								  ('CIVILIZATION_CELESTIALS',	'TXT_KEY_BMC_SPYNAME_CELESTIALS_7'),
								  ('CIVILIZATION_CELESTIALS',	'TXT_KEY_BMC_SPYNAME_CELESTIALS_8'),
								  ('CIVILIZATION_CELESTIALS',	'TXT_KEY_BMC_SPYNAME_CELESTIALS_9'),
								  ('CIVILIZATION_INFERNALS',	'TXT_KEY_BMC_SPYNAME_INFERNALS_0'),
								  ('CIVILIZATION_INFERNALS',	'TXT_KEY_BMC_SPYNAME_INFERNALS_1'),
								  ('CIVILIZATION_INFERNALS',	'TXT_KEY_BMC_SPYNAME_INFERNALS_2'),
								  ('CIVILIZATION_INFERNALS',	'TXT_KEY_BMC_SPYNAME_INFERNALS_3'),
								  ('CIVILIZATION_INFERNALS',	'TXT_KEY_BMC_SPYNAME_INFERNALS_4'),
								  ('CIVILIZATION_INFERNALS',	'TXT_KEY_BMC_SPYNAME_INFERNALS_5'),
								  ('CIVILIZATION_INFERNALS',	'TXT_KEY_BMC_SPYNAME_INFERNALS_6'),
								  ('CIVILIZATION_INFERNALS',	'TXT_KEY_BMC_SPYNAME_INFERNALS_7'),
								  ('CIVILIZATION_INFERNALS',	'TXT_KEY_BMC_SPYNAME_INFERNALS_8'),
								  ('CIVILIZATION_INFERNALS',	'TXT_KEY_BMC_SPYNAME_INFERNALS_9');
INSERT INTO Civilization_Start_Along_Ocean (CivilizationType,			StartAlongOcean) VALUES
										   ('CIVILIZATION_VANDARIA',	1),
										   ('CIVILIZATION_KROSVIK',		1);
INSERT INTO Civilization_Start_Region_Priority (CivilizationType,			RegionType) VALUES
											   ('CIVILIZATION_KIZU',		'REGION_GRASS'),
											   ('CIVILIZATION_ILADOREA',	'REGION_FOREST'),
											   ('CIVILIZATION_ISMALIA',		'REGION_DESERT'),
											   ('CIVILIZATION_GVORANDIA',	'REGION_HILLS'),
											   ('CIVILIZATION_AKKA',		'REGION_FOREST'),
											   ('CIVILIZATION_MULUSH',		'REGION_JUNGLE'),
											   ('CIVILIZATION_RUKLUSH',		'REGION_PLAINS'),
											   ('CIVILIZATION_UNDEAD',		'REGION_PLAINS'),
											   ('CIVILIZATION_CELESTIALS',	'REGION_GRASS'),
											   ('CIVILIZATION_INFERNALS',	'REGION_DESERT');