INSERT INTO Leaders (Type,							ArtDefineTag,						PortraitIndex,	VictoryCompetitiveness,	WonderCompetitiveness,	MinorCivCompetitiveness,	Boldness,	DiploBalance,	WarmongerHate,	WorkAgainstWillingness,	WorkWithWillingness,	DenounceWillingness,	DoFWillingness,	Loyalty,	Neediness,	Forgiveness,	Chattiness,	Meanness) VALUES
					('LEADER_KASTUS_ROLAND',		'bmc_kastusrolandscene.xml',		0,				5,						5,						8,							4,			7,				7,				0,						0,						6,						4,				5,			7,			5,				5,			6),
					('LEADER_JU_HAI',				'bmc_juhaiscene.xml',				1,				3,						5,						7,							7,			6,				5,				0,						0,						7,						4,				3,			6,			4,				6,			7),
					('LEADER_ASTVALDUR_KOPURSSON',	'bmc_astvaldurkopurssonscene.xml',	2,				3,						3,						5,							7,			4,				4,				0,						0,						5,						5,				7,			4,			5,				4,			6),
					('LEADER_ABU_MADANI',			'bmc_abumadaniscene.xml',			3,				4,						7,						4,							3,			5,				5,				0,						0,						3,						6,				6,			6,			6,				5,			4),
					('LEADER_HALDIRIAN_EAGLEBOW',	'bmc_haldirianeaglebowscene.xml',	4,				3,						4,						3,							2,			4,				6,				0,						0,						4,						6,				7,			7,			6,				3,			3),
					('LEADER_ULFGAR_THOREKSSON',	'bmc_ulfgarthorekssonscene.xml',	5,				5,						7,						3,							4,			4,				5,				0,						0,						5,						6,				5,			6,			5,				7,			4),
					('LEADER_UNGRI_SNAKEHEART',		'bmc_ungrisnakeheart.xml',			6,				8,						6,						5,							8,			4,				4,				0,						0,						8,						4,				8,			5,			5,				5,			8),
					('LEADER_SLAUGH_FANGHELM',		'bmc_slaughfanghelmscene.xml',		7,				7,						3,						3,							8,			4,				3,				0,						0,						6,						3,				4,			3,			4,				5,			8),
					('LEADER_HRANTZI_ROCKJAW',		'bmc_hrantzirockjawscene.xml',		8,				8,						4,						3,							8,			4,				4,				0,						0,						5,						5,				7,			5,			3,				5,			6),
					('LEADER_THE_NECROMANCER',		'bmc_thenecromancerscene.xml',		9,				5,						8,						4,							7,			6,				4,				0,						0,						5,						6,				6,			4,			4,				5,			6),
					('LEADER_ANDRIEL',				'bmc_andrielscene.xml',				10,				8,						7,						3,							8,			3,				2,				0,						0,						7,						4,				4,			4,			5,				7,			7),
					('LEADER_THE_DARK_PRINCE',		'bmc_thedarkprincescene.xml',		11,				5,						5,						3,							6,			5,				4,				0,						0,						6,						5,				5,			4,			4,				3,			5);
UPDATE Leaders SET Description = 'TXT_KEY_BMC_' || Type WHERE Type NOT IN ('LEADER_BARBARIAN');
UPDATE Leaders SET Civilopedia = Description || '_PEDIA' WHERE Type NOT IN ('LEADER_BARBARIAN');
UPDATE Leaders SET IconAtlas = 'ATLAS_BMC_LEADERS' WHERE Type NOT IN ('LEADER_BARBARIAN');
CREATE TABLE IDRemapper ( id INTEGER PRIMARY KEY AUTOINCREMENT, Type TEXT );
INSERT INTO IDRemapper (Type) SELECT Type FROM Leaders ORDER BY ID;
UPDATE Leaders SET ID =	( SELECT IDRemapper.id-1 FROM IDRemapper WHERE Leaders.Type = IDRemapper.Type);
DROP TABLE IDRemapper;
INSERT INTO Leader_Traits (LeaderType,						TraitType) VALUES
						  ('LEADER_KASTUS_ROLAND',			'TRAIT_VANDARIA'),
						  ('LEADER_JU_HAI',					'TRAIT_KIZU'),
						  ('LEADER_ASTVALDUR_KOPURSSON',	'TRAIT_KROSVIK'),
						  ('LEADER_ABU_MADANI',				'TRAIT_ISMALIA'),
						  ('LEADER_HALDIRIAN_EAGLEBOW',		'TRAIT_ILADOREA'),
						  ('LEADER_ULFGAR_THOREKSSON',		'TRAIT_GVORANDIA'),
						  ('LEADER_UNGRI_SNAKEHEART',		'TRAIT_AKKA'),
						  ('LEADER_SLAUGH_FANGHELM',		'TRAIT_MULUSH'),
						  ('LEADER_HRANTZI_ROCKJAW',		'TRAIT_RUKLUSH'),
						  ('LEADER_THE_NECROMANCER',		'TRAIT_UNDEAD'),
						  ('LEADER_ANDRIEL',				'TRAIT_CELESTIALS'),
						  ('LEADER_THE_DARK_PRINCE',		'TRAIT_INFERNALS');
INSERT INTO Leader_MajorCivApproachBiases (LeaderType,						MajorCivApproachType,			Bias) VALUES
										  ('LEADER_KASTUS_ROLAND',			'MAJOR_CIV_APPROACH_WAR',		4),
										  ('LEADER_KASTUS_ROLAND',			'MAJOR_CIV_APPROACH_HOSTILE',	7),
										  ('LEADER_KASTUS_ROLAND',			'MAJOR_CIV_APPROACH_DECEPTIVE',	6),
										  ('LEADER_KASTUS_ROLAND',			'MAJOR_CIV_APPROACH_GUARDED',	7),
										  ('LEADER_KASTUS_ROLAND',			'MAJOR_CIV_APPROACH_AFRAID',	5),
										  ('LEADER_KASTUS_ROLAND',			'MAJOR_CIV_APPROACH_FRIENDLY',	4),
										  ('LEADER_KASTUS_ROLAND',			'MAJOR_CIV_APPROACH_NEUTRAL',	5),
										  ('LEADER_JU_HAI',					'MAJOR_CIV_APPROACH_WAR',		4),
										  ('LEADER_JU_HAI',					'MAJOR_CIV_APPROACH_HOSTILE',	6),
										  ('LEADER_JU_HAI',					'MAJOR_CIV_APPROACH_DECEPTIVE',	7),
										  ('LEADER_JU_HAI',					'MAJOR_CIV_APPROACH_GUARDED',	7),
										  ('LEADER_JU_HAI',					'MAJOR_CIV_APPROACH_AFRAID',	5),
										  ('LEADER_JU_HAI',					'MAJOR_CIV_APPROACH_FRIENDLY',	7),
										  ('LEADER_JU_HAI',					'MAJOR_CIV_APPROACH_NEUTRAL',	5),
										  ('LEADER_ASTVALDUR_KOPURSSON',	'MAJOR_CIV_APPROACH_WAR',		6),
										  ('LEADER_ASTVALDUR_KOPURSSON',	'MAJOR_CIV_APPROACH_HOSTILE',	6),
										  ('LEADER_ASTVALDUR_KOPURSSON',	'MAJOR_CIV_APPROACH_DECEPTIVE',	4),
										  ('LEADER_ASTVALDUR_KOPURSSON',	'MAJOR_CIV_APPROACH_GUARDED',	5),
										  ('LEADER_ASTVALDUR_KOPURSSON',	'MAJOR_CIV_APPROACH_AFRAID',	3),
										  ('LEADER_ASTVALDUR_KOPURSSON',	'MAJOR_CIV_APPROACH_NEUTRAL',	5),
										  ('LEADER_ASTVALDUR_KOPURSSON',	'MAJOR_CIV_APPROACH_FRIENDLY',	5),
										  ('LEADER_ABU_MADANI',				'MAJOR_CIV_APPROACH_WAR',		3),
										  ('LEADER_ABU_MADANI',				'MAJOR_CIV_APPROACH_HOSTILE',	5),
										  ('LEADER_ABU_MADANI',				'MAJOR_CIV_APPROACH_DECEPTIVE',	6),
										  ('LEADER_ABU_MADANI',				'MAJOR_CIV_APPROACH_GUARDED',	7),
										  ('LEADER_ABU_MADANI',				'MAJOR_CIV_APPROACH_AFRAID',	5),
										  ('LEADER_ABU_MADANI',				'MAJOR_CIV_APPROACH_NEUTRAL',	5),
										  ('LEADER_ABU_MADANI',				'MAJOR_CIV_APPROACH_FRIENDLY',	6),
										  ('LEADER_HALDIRIAN_EAGLEBOW',		'MAJOR_CIV_APPROACH_WAR',		4),
										  ('LEADER_HALDIRIAN_EAGLEBOW',		'MAJOR_CIV_APPROACH_HOSTILE',	3),
										  ('LEADER_HALDIRIAN_EAGLEBOW',		'MAJOR_CIV_APPROACH_DECEPTIVE',	5),
										  ('LEADER_HALDIRIAN_EAGLEBOW',		'MAJOR_CIV_APPROACH_GUARDED',	4),
										  ('LEADER_HALDIRIAN_EAGLEBOW',		'MAJOR_CIV_APPROACH_AFRAID',	5),
										  ('LEADER_HALDIRIAN_EAGLEBOW',		'MAJOR_CIV_APPROACH_NEUTRAL',	5),
										  ('LEADER_HALDIRIAN_EAGLEBOW',		'MAJOR_CIV_APPROACH_FRIENDLY',	7),
										  ('LEADER_ULFGAR_THOREKSSON',		'MAJOR_CIV_APPROACH_WAR',		5),
										  ('LEADER_ULFGAR_THOREKSSON',		'MAJOR_CIV_APPROACH_HOSTILE',	5),
										  ('LEADER_ULFGAR_THOREKSSON',		'MAJOR_CIV_APPROACH_DECEPTIVE',	6),
										  ('LEADER_ULFGAR_THOREKSSON',		'MAJOR_CIV_APPROACH_GUARDED',	6),
										  ('LEADER_ULFGAR_THOREKSSON',		'MAJOR_CIV_APPROACH_AFRAID',	6),
										  ('LEADER_ULFGAR_THOREKSSON',		'MAJOR_CIV_APPROACH_NEUTRAL',	5),
										  ('LEADER_ULFGAR_THOREKSSON',		'MAJOR_CIV_APPROACH_FRIENDLY',	5),
										  ('LEADER_UNGRI_SNAKEHEART',		'MAJOR_CIV_APPROACH_WAR',		8),
										  ('LEADER_UNGRI_SNAKEHEART',		'MAJOR_CIV_APPROACH_HOSTILE',	6),
										  ('LEADER_UNGRI_SNAKEHEART',		'MAJOR_CIV_APPROACH_DECEPTIVE',	2),
										  ('LEADER_UNGRI_SNAKEHEART',		'MAJOR_CIV_APPROACH_GUARDED',	5),
										  ('LEADER_UNGRI_SNAKEHEART',		'MAJOR_CIV_APPROACH_AFRAID',	2),
										  ('LEADER_UNGRI_SNAKEHEART',		'MAJOR_CIV_APPROACH_NEUTRAL',	4),
										  ('LEADER_UNGRI_SNAKEHEART',		'MAJOR_CIV_APPROACH_FRIENDLY',	2),
										  ('LEADER_SLAUGH_FANGHELM',		'MAJOR_CIV_APPROACH_WAR',		8),
										  ('LEADER_SLAUGH_FANGHELM',		'MAJOR_CIV_APPROACH_HOSTILE',	8),
										  ('LEADER_SLAUGH_FANGHELM',		'MAJOR_CIV_APPROACH_DECEPTIVE',	8),
										  ('LEADER_SLAUGH_FANGHELM',		'MAJOR_CIV_APPROACH_GUARDED',	3),
										  ('LEADER_SLAUGH_FANGHELM',		'MAJOR_CIV_APPROACH_AFRAID',	3),
										  ('LEADER_SLAUGH_FANGHELM',		'MAJOR_CIV_APPROACH_NEUTRAL',	5),
										  ('LEADER_SLAUGH_FANGHELM',		'MAJOR_CIV_APPROACH_FRIENDLY',	3),
										  ('LEADER_HRANTZI_ROCKJAW',		'MAJOR_CIV_APPROACH_WAR',		7),
										  ('LEADER_HRANTZI_ROCKJAW',		'MAJOR_CIV_APPROACH_HOSTILE',	6),
										  ('LEADER_HRANTZI_ROCKJAW',		'MAJOR_CIV_APPROACH_DECEPTIVE',	3),
										  ('LEADER_HRANTZI_ROCKJAW',		'MAJOR_CIV_APPROACH_GUARDED',	4),
										  ('LEADER_HRANTZI_ROCKJAW',		'MAJOR_CIV_APPROACH_AFRAID',	2),
										  ('LEADER_HRANTZI_ROCKJAW',		'MAJOR_CIV_APPROACH_NEUTRAL',	5),
										  ('LEADER_HRANTZI_ROCKJAW',		'MAJOR_CIV_APPROACH_FRIENDLY',	6),
										  ('LEADER_THE_NECROMANCER',		'MAJOR_CIV_APPROACH_WAR',		7),
										  ('LEADER_THE_NECROMANCER',		'MAJOR_CIV_APPROACH_HOSTILE',	6),
										  ('LEADER_THE_NECROMANCER',		'MAJOR_CIV_APPROACH_DECEPTIVE',	3),
										  ('LEADER_THE_NECROMANCER',		'MAJOR_CIV_APPROACH_GUARDED',	6),
										  ('LEADER_THE_NECROMANCER',		'MAJOR_CIV_APPROACH_AFRAID',	3),
										  ('LEADER_THE_NECROMANCER',		'MAJOR_CIV_APPROACH_NEUTRAL',	5),
										  ('LEADER_THE_NECROMANCER',		'MAJOR_CIV_APPROACH_FRIENDLY',	6),
										  ('LEADER_ANDRIEL',				'MAJOR_CIV_APPROACH_WAR',		6),
										  ('LEADER_ANDRIEL',				'MAJOR_CIV_APPROACH_HOSTILE',	7),
										  ('LEADER_ANDRIEL',				'MAJOR_CIV_APPROACH_DECEPTIVE',	4),
										  ('LEADER_ANDRIEL',				'MAJOR_CIV_APPROACH_GUARDED',	5),
										  ('LEADER_ANDRIEL',				'MAJOR_CIV_APPROACH_AFRAID',	3),
										  ('LEADER_ANDRIEL',				'MAJOR_CIV_APPROACH_NEUTRAL',	4),
										  ('LEADER_ANDRIEL',				'MAJOR_CIV_APPROACH_FRIENDLY',	5),
										  ('LEADER_THE_DARK_PRINCE',		'MAJOR_CIV_APPROACH_WAR',		4),
										  ('LEADER_THE_DARK_PRINCE',		'MAJOR_CIV_APPROACH_HOSTILE',	4),
										  ('LEADER_THE_DARK_PRINCE',		'MAJOR_CIV_APPROACH_DECEPTIVE',	5),
										  ('LEADER_THE_DARK_PRINCE',		'MAJOR_CIV_APPROACH_GUARDED',	5),
										  ('LEADER_THE_DARK_PRINCE',		'MAJOR_CIV_APPROACH_AFRAID',	6),
										  ('LEADER_THE_DARK_PRINCE',		'MAJOR_CIV_APPROACH_NEUTRAL',	5),
										  ('LEADER_THE_DARK_PRINCE',		'MAJOR_CIV_APPROACH_FRIENDLY',	8);
INSERT INTO Leader_MinorCivApproachBiases (LeaderType,						MinorCivApproachType,				Bias) VALUES
										  ('LEADER_KASTUS_ROLAND',			'MINOR_CIV_APPROACH_IGNORE',		5),
										  ('LEADER_KASTUS_ROLAND',			'MINOR_CIV_APPROACH_FRIENDLY',		5),
										  ('LEADER_KASTUS_ROLAND',			'MINOR_CIV_APPROACH_PROTECTIVE',	7),
										  ('LEADER_KASTUS_ROLAND',			'MINOR_CIV_APPROACH_CONQUEST',		6),
										  ('LEADER_KASTUS_ROLAND',			'MINOR_CIV_APPROACH_BULLY',			4),
										  ('LEADER_JU_HAI',					'MINOR_CIV_APPROACH_IGNORE',		4),
										  ('LEADER_JU_HAI',					'MINOR_CIV_APPROACH_FRIENDLY',		6),
										  ('LEADER_JU_HAI',					'MINOR_CIV_APPROACH_PROTECTIVE',	7),
										  ('LEADER_JU_HAI',					'MINOR_CIV_APPROACH_CONQUEST',		5),
										  ('LEADER_JU_HAI',					'MINOR_CIV_APPROACH_BULLY',			4),
										  ('LEADER_ASTVALDUR_KOPURSSON',	'MINOR_CIV_APPROACH_IGNORE',		6),
										  ('LEADER_ASTVALDUR_KOPURSSON',	'MINOR_CIV_APPROACH_FRIENDLY',		4),
										  ('LEADER_ASTVALDUR_KOPURSSON',	'MINOR_CIV_APPROACH_PROTECTIVE',	4),
										  ('LEADER_ASTVALDUR_KOPURSSON',	'MINOR_CIV_APPROACH_CONQUEST',		6),
										  ('LEADER_ASTVALDUR_KOPURSSON',	'MINOR_CIV_APPROACH_BULLY',			7),
										  ('LEADER_ABU_MADANI',				'MINOR_CIV_APPROACH_IGNORE',		3),
										  ('LEADER_ABU_MADANI',				'MINOR_CIV_APPROACH_FRIENDLY',		6),
										  ('LEADER_ABU_MADANI',				'MINOR_CIV_APPROACH_PROTECTIVE',	7),
										  ('LEADER_ABU_MADANI',				'MINOR_CIV_APPROACH_CONQUEST',		4),
										  ('LEADER_ABU_MADANI',				'MINOR_CIV_APPROACH_BULLY',			4),
										  ('LEADER_HALDIRIAN_EAGLEBOW',		'MINOR_CIV_APPROACH_IGNORE',		5),
										  ('LEADER_HALDIRIAN_EAGLEBOW',		'MINOR_CIV_APPROACH_FRIENDLY',		7),
										  ('LEADER_HALDIRIAN_EAGLEBOW',		'MINOR_CIV_APPROACH_PROTECTIVE',	6),
										  ('LEADER_HALDIRIAN_EAGLEBOW',		'MINOR_CIV_APPROACH_CONQUEST',		3),
										  ('LEADER_HALDIRIAN_EAGLEBOW',		'MINOR_CIV_APPROACH_BULLY',			5),
										  ('LEADER_ULFGAR_THOREKSSON',		'MINOR_CIV_APPROACH_IGNORE',		5),
										  ('LEADER_ULFGAR_THOREKSSON',		'MINOR_CIV_APPROACH_FRIENDLY',		6),
										  ('LEADER_ULFGAR_THOREKSSON',		'MINOR_CIV_APPROACH_PROTECTIVE',	6),
										  ('LEADER_ULFGAR_THOREKSSON',		'MINOR_CIV_APPROACH_CONQUEST',		3),
										  ('LEADER_ULFGAR_THOREKSSON',		'MINOR_CIV_APPROACH_BULLY',			5),
										  ('LEADER_UNGRI_SNAKEHEART',		'MINOR_CIV_APPROACH_IGNORE',		3),
										  ('LEADER_UNGRI_SNAKEHEART',		'MINOR_CIV_APPROACH_FRIENDLY',		3),
										  ('LEADER_UNGRI_SNAKEHEART',		'MINOR_CIV_APPROACH_PROTECTIVE',	3),
										  ('LEADER_UNGRI_SNAKEHEART',		'MINOR_CIV_APPROACH_CONQUEST',		8),
										  ('LEADER_UNGRI_SNAKEHEART',		'MINOR_CIV_APPROACH_BULLY',			6),
										  ('LEADER_SLAUGH_FANGHELM',		'MINOR_CIV_APPROACH_IGNORE',		5),
										  ('LEADER_SLAUGH_FANGHELM',		'MINOR_CIV_APPROACH_FRIENDLY',		4),
										  ('LEADER_SLAUGH_FANGHELM',		'MINOR_CIV_APPROACH_PROTECTIVE',	3),
										  ('LEADER_SLAUGH_FANGHELM',		'MINOR_CIV_APPROACH_CONQUEST',		7),
										  ('LEADER_SLAUGH_FANGHELM',		'MINOR_CIV_APPROACH_BULLY',			8),
										  ('LEADER_HRANTZI_ROCKJAW',		'MINOR_CIV_APPROACH_IGNORE',		4),
										  ('LEADER_HRANTZI_ROCKJAW',		'MINOR_CIV_APPROACH_FRIENDLY',		4),
										  ('LEADER_HRANTZI_ROCKJAW',		'MINOR_CIV_APPROACH_PROTECTIVE',	3),
										  ('LEADER_HRANTZI_ROCKJAW',		'MINOR_CIV_APPROACH_CONQUEST',		7),
										  ('LEADER_HRANTZI_ROCKJAW',		'MINOR_CIV_APPROACH_BULLY',			5),
										  ('LEADER_THE_NECROMANCER',		'MINOR_CIV_APPROACH_IGNORE',		5),
										  ('LEADER_THE_NECROMANCER',		'MINOR_CIV_APPROACH_FRIENDLY',		5),
										  ('LEADER_THE_NECROMANCER',		'MINOR_CIV_APPROACH_PROTECTIVE',	4),
										  ('LEADER_THE_NECROMANCER',		'MINOR_CIV_APPROACH_CONQUEST',		8),
										  ('LEADER_THE_NECROMANCER',		'MINOR_CIV_APPROACH_BULLY',			7),
										  ('LEADER_ANDRIEL',				'MINOR_CIV_APPROACH_IGNORE',		4),
										  ('LEADER_ANDRIEL',				'MINOR_CIV_APPROACH_FRIENDLY',		5),
										  ('LEADER_ANDRIEL',				'MINOR_CIV_APPROACH_PROTECTIVE',	8),
										  ('LEADER_ANDRIEL',				'MINOR_CIV_APPROACH_CONQUEST',		4),
										  ('LEADER_ANDRIEL',				'MINOR_CIV_APPROACH_BULLY',			3),
										  ('LEADER_THE_DARK_PRINCE',		'MINOR_CIV_APPROACH_IGNORE',		5),
										  ('LEADER_THE_DARK_PRINCE',		'MINOR_CIV_APPROACH_FRIENDLY',		6),
										  ('LEADER_THE_DARK_PRINCE',		'MINOR_CIV_APPROACH_PROTECTIVE',	6),
										  ('LEADER_THE_DARK_PRINCE',		'MINOR_CIV_APPROACH_CONQUEST',		3),
										  ('LEADER_THE_DARK_PRINCE',		'MINOR_CIV_APPROACH_BULLY',			3);
INSERT INTO Leader_Flavors (LeaderType,					FlavorType,Flavor) VALUES
						   ('LEADER_KASTUS_ROLAND',			'FLAVOR_OFFENSE',					6),
						   ('LEADER_KASTUS_ROLAND',			'FLAVOR_DEFENSE',					8),
						   ('LEADER_KASTUS_ROLAND',			'FLAVOR_CITY_DEFENSE',				9),
						   ('LEADER_KASTUS_ROLAND',			'FLAVOR_MILITARY_TRAINING',			7),
						   ('LEADER_KASTUS_ROLAND',			'FLAVOR_RECON',						7),
						   ('LEADER_KASTUS_ROLAND',			'FLAVOR_RANGED',					6),
						   ('LEADER_KASTUS_ROLAND',			'FLAVOR_MOBILE',					7),
						   ('LEADER_KASTUS_ROLAND',			'FLAVOR_NAVAL',						6),
						   ('LEADER_KASTUS_ROLAND',			'FLAVOR_NAVAL_RECON',				7),
						   ('LEADER_KASTUS_ROLAND',			'FLAVOR_NAVAL_GROWTH',				5),
						   ('LEADER_KASTUS_ROLAND',			'FLAVOR_NAVAL_TILE_IMPROVEMENT',	4),
						   ('LEADER_KASTUS_ROLAND',			'FLAVOR_AIR',						5),
						   ('LEADER_KASTUS_ROLAND',			'FLAVOR_EXPANSION',					7),
						   ('LEADER_KASTUS_ROLAND',			'FLAVOR_GROWTH',					8),
						   ('LEADER_KASTUS_ROLAND',			'FLAVOR_TILE_IMPROVEMENT',			7),
						   ('LEADER_KASTUS_ROLAND',			'FLAVOR_INFRASTRUCTURE',			8),
						   ('LEADER_KASTUS_ROLAND',			'FLAVOR_PRODUCTION',				7),
						   ('LEADER_KASTUS_ROLAND',			'FLAVOR_GOLD',						7),
						   ('LEADER_KASTUS_ROLAND',			'FLAVOR_CULTURE',					7),
						   ('LEADER_KASTUS_ROLAND',			'FLAVOR_HAPPINESS',					6),
						   ('LEADER_KASTUS_ROLAND',			'FLAVOR_GREAT_PEOPLE',				5),
						   ('LEADER_KASTUS_ROLAND',			'FLAVOR_WONDER',					6),
						   ('LEADER_KASTUS_ROLAND',			'FLAVOR_RELIGION',					6),
						   ('LEADER_KASTUS_ROLAND',			'FLAVOR_DIPLOMACY',					9),
						   ('LEADER_KASTUS_ROLAND',			'FLAVOR_WATER_CONNECTION',			5),
						   ('LEADER_KASTUS_ROLAND',			'FLAVOR_NUKE',						6),
						   ('LEADER_KASTUS_ROLAND',			'FLAVOR_USE_NUKE',					3),
						   ('LEADER_KASTUS_ROLAND',			'FLAVOR_ESPIONAGE',					5),
						   ('LEADER_KASTUS_ROLAND',			'FLAVOR_ANTIAIR',					6),
						   ('LEADER_KASTUS_ROLAND',			'FLAVOR_AIR_CARRIER',				6),
    					   ('LEADER_KASTUS_ROLAND',			'FLAVOR_I_LAND_TRADE_ROUTE',		7),
						   ('LEADER_KASTUS_ROLAND',			'FLAVOR_I_SEA_TRADE_ROUTE',			7),
						   ('LEADER_KASTUS_ROLAND',			'FLAVOR_I_TRADE_ORIGIN',			5),
						   ('LEADER_KASTUS_ROLAND',			'FLAVOR_I_TRADE_DESTINATION',		5),
						   ('LEADER_KASTUS_ROLAND',			'FLAVOR_AIRLIFT',					3),
						   ('LEADER_JU_HAI',				'FLAVOR_OFFENSE',					5),
						   ('LEADER_JU_HAI',				'FLAVOR_DEFENSE',					9),
						   ('LEADER_JU_HAI',				'FLAVOR_CITY_DEFENSE',				8),
						   ('LEADER_JU_HAI',				'FLAVOR_MILITARY_TRAINING',			8),
						   ('LEADER_JU_HAI',				'FLAVOR_RECON',						4),
						   ('LEADER_JU_HAI',				'FLAVOR_RANGED',					6),
						   ('LEADER_JU_HAI',				'FLAVOR_MOBILE',					5),
						   ('LEADER_JU_HAI',				'FLAVOR_NAVAL',						5),
						   ('LEADER_JU_HAI',				'FLAVOR_NAVAL_RECON',				3),
						   ('LEADER_JU_HAI',				'FLAVOR_NAVAL_GROWTH',				4),
						   ('LEADER_JU_HAI',				'FLAVOR_NAVAL_TILE_IMPROVEMENT',	5),
						   ('LEADER_JU_HAI',				'FLAVOR_AIR',						6),
						   ('LEADER_JU_HAI',				'FLAVOR_EXPANSION',					4),
						   ('LEADER_JU_HAI',				'FLAVOR_GROWTH',					7),
						   ('LEADER_JU_HAI',				'FLAVOR_TILE_IMPROVEMENT',			5),
						   ('LEADER_JU_HAI',				'FLAVOR_INFRASTRUCTURE',			8),
						   ('LEADER_JU_HAI',				'FLAVOR_PRODUCTION',				6),
						   ('LEADER_JU_HAI',				'FLAVOR_GOLD',						8),
						   ('LEADER_JU_HAI',				'FLAVOR_CULTURE',					9),
						   ('LEADER_JU_HAI',				'FLAVOR_HAPPINESS',					7),
						   ('LEADER_JU_HAI',				'FLAVOR_GREAT_PEOPLE',				6),
						   ('LEADER_JU_HAI',				'FLAVOR_WONDER',					8),
						   ('LEADER_JU_HAI',				'FLAVOR_RELIGION',					8),
						   ('LEADER_JU_HAI',				'FLAVOR_DIPLOMACY',					3),
						   ('LEADER_JU_HAI',				'FLAVOR_WATER_CONNECTION',			6),
						   ('LEADER_JU_HAI',				'FLAVOR_NUKE',						6),
						   ('LEADER_JU_HAI',				'FLAVOR_USE_NUKE',					2),
						   ('LEADER_JU_HAI',				'FLAVOR_ESPIONAGE',					5),
						   ('LEADER_JU_HAI',				'FLAVOR_ANTIAIR',					6),
						   ('LEADER_JU_HAI',				'FLAVOR_AIR_CARRIER',				5),
    					   ('LEADER_JU_HAI',				'FLAVOR_I_LAND_TRADE_ROUTE',		4),
						   ('LEADER_JU_HAI',				'FLAVOR_I_SEA_TRADE_ROUTE',			3),
						   ('LEADER_JU_HAI',				'FLAVOR_I_TRADE_ORIGIN',			5),
						   ('LEADER_JU_HAI',				'FLAVOR_I_TRADE_DESTINATION',		5),
						   ('LEADER_JU_HAI',				'FLAVOR_AIRLIFT',					5),
						   ('LEADER_ASTVALDUR_KOPURSSON',	'FLAVOR_OFFENSE',					9),
						   ('LEADER_ASTVALDUR_KOPURSSON',	'FLAVOR_DEFENSE',					5),
						   ('LEADER_ASTVALDUR_KOPURSSON',	'FLAVOR_CITY_DEFENSE',				6),
						   ('LEADER_ASTVALDUR_KOPURSSON',	'FLAVOR_MILITARY_TRAINING',			8),
						   ('LEADER_ASTVALDUR_KOPURSSON',	'FLAVOR_RECON',						7),
						   ('LEADER_ASTVALDUR_KOPURSSON',	'FLAVOR_RANGED',					5),
						   ('LEADER_ASTVALDUR_KOPURSSON',	'FLAVOR_MOBILE',					7),
						   ('LEADER_ASTVALDUR_KOPURSSON',	'FLAVOR_NAVAL',						6),
						   ('LEADER_ASTVALDUR_KOPURSSON',	'FLAVOR_NAVAL_RECON',				5),
						   ('LEADER_ASTVALDUR_KOPURSSON',	'FLAVOR_NAVAL_GROWTH',				4),
						   ('LEADER_ASTVALDUR_KOPURSSON',	'FLAVOR_NAVAL_TILE_IMPROVEMENT',	3),
						   ('LEADER_ASTVALDUR_KOPURSSON',	'FLAVOR_AIR',						6),
						   ('LEADER_ASTVALDUR_KOPURSSON',	'FLAVOR_EXPANSION',					9),
						   ('LEADER_ASTVALDUR_KOPURSSON',	'FLAVOR_GROWTH',					3),
						   ('LEADER_ASTVALDUR_KOPURSSON',	'FLAVOR_TILE_IMPROVEMENT',			3),
						   ('LEADER_ASTVALDUR_KOPURSSON',	'FLAVOR_INFRASTRUCTURE',			4),
						   ('LEADER_ASTVALDUR_KOPURSSON',	'FLAVOR_PRODUCTION',				7),
						   ('LEADER_ASTVALDUR_KOPURSSON',	'FLAVOR_GOLD',						7),
						   ('LEADER_ASTVALDUR_KOPURSSON',	'FLAVOR_CULTURE',					8),
						   ('LEADER_ASTVALDUR_KOPURSSON',	'FLAVOR_HAPPINESS',					5),
						   ('LEADER_ASTVALDUR_KOPURSSON',	'FLAVOR_GREAT_PEOPLE',				8),
						   ('LEADER_ASTVALDUR_KOPURSSON',	'FLAVOR_WONDER',					4),
						   ('LEADER_ASTVALDUR_KOPURSSON',	'FLAVOR_RELIGION',					9),
						   ('LEADER_ASTVALDUR_KOPURSSON',	'FLAVOR_DIPLOMACY',					2),
						   ('LEADER_ASTVALDUR_KOPURSSON',	'FLAVOR_WATER_CONNECTION',			6),
						   ('LEADER_ASTVALDUR_KOPURSSON',	'FLAVOR_NUKE',						8),
						   ('LEADER_ASTVALDUR_KOPURSSON',	'FLAVOR_USE_NUKE',					9),
 						   ('LEADER_ASTVALDUR_KOPURSSON',	'FLAVOR_ESPIONAGE',					8),
						   ('LEADER_ASTVALDUR_KOPURSSON',	'FLAVOR_ANTIAIR',					4),
						   ('LEADER_ASTVALDUR_KOPURSSON',	'FLAVOR_AIR_CARRIER',				6),
						   ('LEADER_ASTVALDUR_KOPURSSON',	'FLAVOR_I_LAND_TRADE_ROUTE',		3),
						   ('LEADER_ASTVALDUR_KOPURSSON',	'FLAVOR_I_SEA_TRADE_ROUTE',			3),
						   ('LEADER_ASTVALDUR_KOPURSSON',	'FLAVOR_I_TRADE_ORIGIN',			5),
						   ('LEADER_ASTVALDUR_KOPURSSON',	'FLAVOR_I_TRADE_DESTINATION',		5),
						   ('LEADER_ASTVALDUR_KOPURSSON',	'FLAVOR_AIRLIFT',					7),
						   ('LEADER_ABU_MADANI',			'FLAVOR_OFFENSE',					6),
						   ('LEADER_ABU_MADANI',			'FLAVOR_DEFENSE',					8),
						   ('LEADER_ABU_MADANI',			'FLAVOR_CITY_DEFENSE',				8),
						   ('LEADER_ABU_MADANI',			'FLAVOR_MILITARY_TRAINING',			7),
						   ('LEADER_ABU_MADANI',			'FLAVOR_RECON',						3),
						   ('LEADER_ABU_MADANI',			'FLAVOR_RANGED',					7),
						   ('LEADER_ABU_MADANI',			'FLAVOR_MOBILE',					5),
						   ('LEADER_ABU_MADANI',			'FLAVOR_NAVAL',						5),
						   ('LEADER_ABU_MADANI',			'FLAVOR_NAVAL_RECON',				4),
						   ('LEADER_ABU_MADANI',			'FLAVOR_NAVAL_GROWTH',				5),
						   ('LEADER_ABU_MADANI',			'FLAVOR_NAVAL_TILE_IMPROVEMENT',	4),
						   ('LEADER_ABU_MADANI',			'FLAVOR_AIR',						5),
						   ('LEADER_ABU_MADANI',			'FLAVOR_EXPANSION',					7),
						   ('LEADER_ABU_MADANI',			'FLAVOR_GROWTH',					4),
						   ('LEADER_ABU_MADANI',			'FLAVOR_TILE_IMPROVEMENT',			5),
						   ('LEADER_ABU_MADANI',			'FLAVOR_INFRASTRUCTURE',			7),
						   ('LEADER_ABU_MADANI',			'FLAVOR_PRODUCTION',				7),
						   ('LEADER_ABU_MADANI',			'FLAVOR_GOLD',						8),
						   ('LEADER_ABU_MADANI',			'FLAVOR_CULTURE',					8),
						   ('LEADER_ABU_MADANI',			'FLAVOR_HAPPINESS',					4),
						   ('LEADER_ABU_MADANI',			'FLAVOR_GREAT_PEOPLE',				4),
						   ('LEADER_ABU_MADANI',			'FLAVOR_WONDER',					8),
						   ('LEADER_ABU_MADANI',			'FLAVOR_RELIGION',					5),
						   ('LEADER_ABU_MADANI',			'FLAVOR_DIPLOMACY',					3),
						   ('LEADER_ABU_MADANI',			'FLAVOR_WATER_CONNECTION',			6),
						   ('LEADER_ABU_MADANI',			'FLAVOR_NUKE',						5),
						   ('LEADER_ABU_MADANI',			'FLAVOR_USE_NUKE',					6),
						   ('LEADER_ABU_MADANI',			'FLAVOR_ESPIONAGE',					3),
						   ('LEADER_ABU_MADANI',			'FLAVOR_ANTIAIR',					6),
						   ('LEADER_ABU_MADANI',			'FLAVOR_AIR_CARRIER',				5),
    					   ('LEADER_ABU_MADANI',			'FLAVOR_I_LAND_TRADE_ROUTE',		3),
						   ('LEADER_ABU_MADANI',			'FLAVOR_I_SEA_TRADE_ROUTE',			4),
						   ('LEADER_ABU_MADANI',			'FLAVOR_I_TRADE_ORIGIN',			5),
						   ('LEADER_ABU_MADANI',			'FLAVOR_I_TRADE_DESTINATION',		5),
						   ('LEADER_ABU_MADANI',			'FLAVOR_AIRLIFT',					6),
						   ('LEADER_HALDIRIAN_EAGLEBOW',	'FLAVOR_OFFENSE',					3),
						   ('LEADER_HALDIRIAN_EAGLEBOW',	'FLAVOR_DEFENSE',					8),
						   ('LEADER_HALDIRIAN_EAGLEBOW',	'FLAVOR_CITY_DEFENSE',				7),
						   ('LEADER_HALDIRIAN_EAGLEBOW',	'FLAVOR_MILITARY_TRAINING',			7),
						   ('LEADER_HALDIRIAN_EAGLEBOW',	'FLAVOR_RECON',						4),
						   ('LEADER_HALDIRIAN_EAGLEBOW',	'FLAVOR_RANGED',					9),
						   ('LEADER_HALDIRIAN_EAGLEBOW',	'FLAVOR_MOBILE',					6),
						   ('LEADER_HALDIRIAN_EAGLEBOW',	'FLAVOR_NAVAL',						3),
						   ('LEADER_HALDIRIAN_EAGLEBOW',	'FLAVOR_NAVAL_RECON',				2),
						   ('LEADER_HALDIRIAN_EAGLEBOW',	'FLAVOR_NAVAL_GROWTH',				2),
						   ('LEADER_HALDIRIAN_EAGLEBOW',	'FLAVOR_NAVAL_TILE_IMPROVEMENT',	3),
						   ('LEADER_HALDIRIAN_EAGLEBOW',	'FLAVOR_AIR',						5),
					       ('LEADER_HALDIRIAN_EAGLEBOW',	'FLAVOR_EXPANSION',					2),
						   ('LEADER_HALDIRIAN_EAGLEBOW',	'FLAVOR_GROWTH',					7),
						   ('LEADER_HALDIRIAN_EAGLEBOW',	'FLAVOR_TILE_IMPROVEMENT',			5),
						   ('LEADER_HALDIRIAN_EAGLEBOW',	'FLAVOR_INFRASTRUCTURE',			4),
						   ('LEADER_HALDIRIAN_EAGLEBOW',	'FLAVOR_PRODUCTION',				4),
						   ('LEADER_HALDIRIAN_EAGLEBOW',	'FLAVOR_GOLD',						3),
						   ('LEADER_HALDIRIAN_EAGLEBOW',	'FLAVOR_CULTURE',					7),
						   ('LEADER_HALDIRIAN_EAGLEBOW',	'FLAVOR_HAPPINESS',					7),
						   ('LEADER_HALDIRIAN_EAGLEBOW',	'FLAVOR_GREAT_PEOPLE',				6),
						   ('LEADER_HALDIRIAN_EAGLEBOW',	'FLAVOR_WONDER',					4),
						   ('LEADER_HALDIRIAN_EAGLEBOW',	'FLAVOR_RELIGION',					7),
						   ('LEADER_HALDIRIAN_EAGLEBOW',	'FLAVOR_DIPLOMACY',					3),
						   ('LEADER_HALDIRIAN_EAGLEBOW',	'FLAVOR_WATER_CONNECTION',			1),
						   ('LEADER_HALDIRIAN_EAGLEBOW',	'FLAVOR_NUKE',						3),
						   ('LEADER_HALDIRIAN_EAGLEBOW',	'FLAVOR_USE_NUKE',					5),
						   ('LEADER_HALDIRIAN_EAGLEBOW',	'FLAVOR_ESPIONAGE',					6),
						   ('LEADER_HALDIRIAN_EAGLEBOW',	'FLAVOR_ANTIAIR',					7),
						   ('LEADER_HALDIRIAN_EAGLEBOW',	'FLAVOR_AIR_CARRIER',				3),
    					   ('LEADER_HALDIRIAN_EAGLEBOW',	'FLAVOR_I_LAND_TRADE_ROUTE',		4),
						   ('LEADER_HALDIRIAN_EAGLEBOW',	'FLAVOR_I_SEA_TRADE_ROUTE',			2),
						   ('LEADER_HALDIRIAN_EAGLEBOW',	'FLAVOR_I_TRADE_ORIGIN',			5),
						   ('LEADER_HALDIRIAN_EAGLEBOW',	'FLAVOR_I_TRADE_DESTINATION',		5),
						   ('LEADER_HALDIRIAN_EAGLEBOW',	'FLAVOR_AIRLIFT',					5),
						   ('LEADER_ULFGAR_THOREKSSON',		'FLAVOR_OFFENSE',					5),
						   ('LEADER_ULFGAR_THOREKSSON',		'FLAVOR_DEFENSE',					8),
						   ('LEADER_ULFGAR_THOREKSSON',		'FLAVOR_CITY_DEFENSE',				9),
						   ('LEADER_ULFGAR_THOREKSSON',		'FLAVOR_MILITARY_TRAINING',			8),
						   ('LEADER_ULFGAR_THOREKSSON',		'FLAVOR_RECON',						4),
						   ('LEADER_ULFGAR_THOREKSSON',		'FLAVOR_RANGED',					7),
						   ('LEADER_ULFGAR_THOREKSSON',		'FLAVOR_MOBILE',					3),
						   ('LEADER_ULFGAR_THOREKSSON',		'FLAVOR_NAVAL',						5),
						   ('LEADER_ULFGAR_THOREKSSON',		'FLAVOR_NAVAL_RECON',				3),
						   ('LEADER_ULFGAR_THOREKSSON',		'FLAVOR_NAVAL_GROWTH',				4),
						   ('LEADER_ULFGAR_THOREKSSON',		'FLAVOR_NAVAL_TILE_IMPROVEMENT',	2),
						   ('LEADER_ULFGAR_THOREKSSON',		'FLAVOR_AIR',						8),
						   ('LEADER_ULFGAR_THOREKSSON',		'FLAVOR_EXPANSION',					5),
						   ('LEADER_ULFGAR_THOREKSSON',		'FLAVOR_GROWTH',					8),
						   ('LEADER_ULFGAR_THOREKSSON',		'FLAVOR_TILE_IMPROVEMENT',			5),
						   ('LEADER_ULFGAR_THOREKSSON',		'FLAVOR_INFRASTRUCTURE',			7),
						   ('LEADER_ULFGAR_THOREKSSON',		'FLAVOR_PRODUCTION',				9),
						   ('LEADER_ULFGAR_THOREKSSON',		'FLAVOR_GOLD',						9),
						   ('LEADER_ULFGAR_THOREKSSON',		'FLAVOR_CULTURE',					4),
						   ('LEADER_ULFGAR_THOREKSSON',		'FLAVOR_HAPPINESS',					6),
						   ('LEADER_ULFGAR_THOREKSSON',		'FLAVOR_GREAT_PEOPLE',				5),
						   ('LEADER_ULFGAR_THOREKSSON',		'FLAVOR_WONDER',					7),
						   ('LEADER_ULFGAR_THOREKSSON',		'FLAVOR_RELIGION',					5),
						   ('LEADER_ULFGAR_THOREKSSON',		'FLAVOR_DIPLOMACY',					6),
						   ('LEADER_ULFGAR_THOREKSSON',		'FLAVOR_WATER_CONNECTION',			4),
						   ('LEADER_ULFGAR_THOREKSSON',		'FLAVOR_NUKE',						7),
						   ('LEADER_ULFGAR_THOREKSSON',		'FLAVOR_USE_NUKE',					8),
						   ('LEADER_ULFGAR_THOREKSSON',		'FLAVOR_ESPIONAGE',					3),
						   ('LEADER_ULFGAR_THOREKSSON',		'FLAVOR_ANTIAIR',					7),
						   ('LEADER_ULFGAR_THOREKSSON',		'FLAVOR_AIR_CARRIER',				5),
    					   ('LEADER_ULFGAR_THOREKSSON',		'FLAVOR_I_LAND_TRADE_ROUTE',		6),
						   ('LEADER_ULFGAR_THOREKSSON',		'FLAVOR_I_SEA_TRADE_ROUTE',			4),
						   ('LEADER_ULFGAR_THOREKSSON',		'FLAVOR_I_TRADE_ORIGIN',			5),
						   ('LEADER_ULFGAR_THOREKSSON',		'FLAVOR_I_TRADE_DESTINATION',		5),
						   ('LEADER_ULFGAR_THOREKSSON',		'FLAVOR_AIRLIFT',					7),
						   ('LEADER_UNGRI_SNAKEHEART',		'FLAVOR_OFFENSE',					6),
						   ('LEADER_UNGRI_SNAKEHEART',		'FLAVOR_DEFENSE',					5),
						   ('LEADER_UNGRI_SNAKEHEART',		'FLAVOR_CITY_DEFENSE',				4),
						   ('LEADER_UNGRI_SNAKEHEART',		'FLAVOR_MILITARY_TRAINING',			7),
						   ('LEADER_UNGRI_SNAKEHEART',		'FLAVOR_RECON',						8),
						   ('LEADER_UNGRI_SNAKEHEART',		'FLAVOR_RANGED',					7),
						   ('LEADER_UNGRI_SNAKEHEART',		'FLAVOR_MOBILE',					5),
						   ('LEADER_UNGRI_SNAKEHEART',		'FLAVOR_NAVAL',						4),
						   ('LEADER_UNGRI_SNAKEHEART',		'FLAVOR_NAVAL_RECON',				3),
						   ('LEADER_UNGRI_SNAKEHEART',		'FLAVOR_NAVAL_GROWTH',				3),
						   ('LEADER_UNGRI_SNAKEHEART',		'FLAVOR_NAVAL_TILE_IMPROVEMENT',	2),
						   ('LEADER_UNGRI_SNAKEHEART',		'FLAVOR_AIR',						3),
						   ('LEADER_UNGRI_SNAKEHEART',		'FLAVOR_EXPANSION',					7),
						   ('LEADER_UNGRI_SNAKEHEART',		'FLAVOR_GROWTH',					7),
						   ('LEADER_UNGRI_SNAKEHEART',		'FLAVOR_TILE_IMPROVEMENT',			6),
						   ('LEADER_UNGRI_SNAKEHEART',		'FLAVOR_INFRASTRUCTURE',			6),
						   ('LEADER_UNGRI_SNAKEHEART',		'FLAVOR_PRODUCTION',				5),
						   ('LEADER_UNGRI_SNAKEHEART',		'FLAVOR_GOLD',						7),
						   ('LEADER_UNGRI_SNAKEHEART',		'FLAVOR_CULTURE',					8),
						   ('LEADER_UNGRI_SNAKEHEART',		'FLAVOR_HAPPINESS',					6),
						   ('LEADER_UNGRI_SNAKEHEART',		'FLAVOR_GREAT_PEOPLE',				5),
						   ('LEADER_UNGRI_SNAKEHEART',		'FLAVOR_WONDER',					6),
						   ('LEADER_UNGRI_SNAKEHEART',		'FLAVOR_RELIGION',					7),
						   ('LEADER_UNGRI_SNAKEHEART',		'FLAVOR_DIPLOMACY',					7),
						   ('LEADER_UNGRI_SNAKEHEART',		'FLAVOR_WATER_CONNECTION',			6),
						   ('LEADER_UNGRI_SNAKEHEART',		'FLAVOR_NUKE',						7),
						   ('LEADER_UNGRI_SNAKEHEART',		'FLAVOR_USE_NUKE',					8),
						   ('LEADER_UNGRI_SNAKEHEART',		'FLAVOR_ESPIONAGE',					9),
						   ('LEADER_UNGRI_SNAKEHEART',		'FLAVOR_ANTIAIR',					4),
						   ('LEADER_UNGRI_SNAKEHEART',		'FLAVOR_AIR_CARRIER',				2),
    					   ('LEADER_UNGRI_SNAKEHEART',		'FLAVOR_I_LAND_TRADE_ROUTE',		2),
						   ('LEADER_UNGRI_SNAKEHEART',		'FLAVOR_I_SEA_TRADE_ROUTE',			2),
						   ('LEADER_UNGRI_SNAKEHEART',		'FLAVOR_I_TRADE_ORIGIN',			5),
						   ('LEADER_UNGRI_SNAKEHEART',		'FLAVOR_I_TRADE_DESTINATION',		5),
						   ('LEADER_UNGRI_SNAKEHEART',		'FLAVOR_AIRLIFT',					8),
						   ('LEADER_SLAUGH_FANGHELM',		'FLAVOR_OFFENSE',					9),
						   ('LEADER_SLAUGH_FANGHELM',		'FLAVOR_DEFENSE',					3),
						   ('LEADER_SLAUGH_FANGHELM',		'FLAVOR_CITY_DEFENSE',				2),
						   ('LEADER_SLAUGH_FANGHELM',		'FLAVOR_MILITARY_TRAINING',			4),
						   ('LEADER_SLAUGH_FANGHELM',		'FLAVOR_RECON',						6),
						   ('LEADER_SLAUGH_FANGHELM',		'FLAVOR_RANGED',					5),
						   ('LEADER_SLAUGH_FANGHELM',		'FLAVOR_MOBILE',					7),
						   ('LEADER_SLAUGH_FANGHELM',		'FLAVOR_NAVAL',						4),
						   ('LEADER_SLAUGH_FANGHELM',		'FLAVOR_NAVAL_RECON',				3),
						   ('LEADER_SLAUGH_FANGHELM',		'FLAVOR_NAVAL_GROWTH',				3),
						   ('LEADER_SLAUGH_FANGHELM',		'FLAVOR_NAVAL_TILE_IMPROVEMENT',	2),
						   ('LEADER_SLAUGH_FANGHELM',		'FLAVOR_AIR',						5),
						   ('LEADER_SLAUGH_FANGHELM',		'FLAVOR_EXPANSION',					8),
						   ('LEADER_SLAUGH_FANGHELM',		'FLAVOR_GROWTH',					4),
						   ('LEADER_SLAUGH_FANGHELM',		'FLAVOR_TILE_IMPROVEMENT',			3),
						   ('LEADER_SLAUGH_FANGHELM',		'FLAVOR_INFRASTRUCTURE',			2),
						   ('LEADER_SLAUGH_FANGHELM',		'FLAVOR_PRODUCTION',				4),
						   ('LEADER_SLAUGH_FANGHELM',		'FLAVOR_GOLD',						6),
						   ('LEADER_SLAUGH_FANGHELM',		'FLAVOR_CULTURE',					7),
						   ('LEADER_SLAUGH_FANGHELM',		'FLAVOR_HAPPINESS',					8),
						   ('LEADER_SLAUGH_FANGHELM',		'FLAVOR_GREAT_PEOPLE',				5),
						   ('LEADER_SLAUGH_FANGHELM',		'FLAVOR_WONDER',					2),
						   ('LEADER_SLAUGH_FANGHELM',		'FLAVOR_RELIGION',					7),
						   ('LEADER_SLAUGH_FANGHELM',		'FLAVOR_DIPLOMACY',					3),
						   ('LEADER_SLAUGH_FANGHELM',		'FLAVOR_WATER_CONNECTION',			3),
						   ('LEADER_SLAUGH_FANGHELM',		'FLAVOR_NUKE',						3),
						   ('LEADER_SLAUGH_FANGHELM',		'FLAVOR_USE_NUKE',					9),
						   ('LEADER_SLAUGH_FANGHELM',		'FLAVOR_ESPIONAGE',					4),
						   ('LEADER_SLAUGH_FANGHELM',		'FLAVOR_ANTIAIR',					3),
						   ('LEADER_SLAUGH_FANGHELM',		'FLAVOR_AIR_CARRIER',				2),
						   ('LEADER_SLAUGH_FANGHELM',		'FLAVOR_I_LAND_TRADE_ROUTE',		1),
						   ('LEADER_SLAUGH_FANGHELM',		'FLAVOR_I_SEA_TRADE_ROUTE',			1),
						   ('LEADER_SLAUGH_FANGHELM',		'FLAVOR_I_TRADE_ORIGIN',			5),
						   ('LEADER_SLAUGH_FANGHELM',		'FLAVOR_I_TRADE_DESTINATION',		5),
						   ('LEADER_SLAUGH_FANGHELM',		'FLAVOR_AIRLIFT',					6),
						   ('LEADER_HRANTZI_ROCKJAW',		'FLAVOR_OFFENSE',					8),
						   ('LEADER_HRANTZI_ROCKJAW',		'FLAVOR_DEFENSE',					5),
						   ('LEADER_HRANTZI_ROCKJAW',		'FLAVOR_CITY_DEFENSE',				2),
						   ('LEADER_HRANTZI_ROCKJAW',		'FLAVOR_MILITARY_TRAINING',			6),
						   ('LEADER_HRANTZI_ROCKJAW',		'FLAVOR_RECON',						5),
						   ('LEADER_HRANTZI_ROCKJAW',		'FLAVOR_RANGED',					5),
						   ('LEADER_HRANTZI_ROCKJAW',		'FLAVOR_MOBILE',					7),
						   ('LEADER_HRANTZI_ROCKJAW',		'FLAVOR_NAVAL',						4),
						   ('LEADER_HRANTZI_ROCKJAW',		'FLAVOR_NAVAL_RECON',				3),
						   ('LEADER_HRANTZI_ROCKJAW',		'FLAVOR_NAVAL_GROWTH',				3),
						   ('LEADER_HRANTZI_ROCKJAW',		'FLAVOR_NAVAL_TILE_IMPROVEMENT',	2),
  						   ('LEADER_HRANTZI_ROCKJAW',		'FLAVOR_AIR',						2),
						   ('LEADER_HRANTZI_ROCKJAW',		'FLAVOR_EXPANSION',					8),
						   ('LEADER_HRANTZI_ROCKJAW',		'FLAVOR_GROWTH',					5),
						   ('LEADER_HRANTZI_ROCKJAW',		'FLAVOR_TILE_IMPROVEMENT',			3),
						   ('LEADER_HRANTZI_ROCKJAW',		'FLAVOR_INFRASTRUCTURE',			2),
						   ('LEADER_HRANTZI_ROCKJAW',		'FLAVOR_PRODUCTION',				4),
						   ('LEADER_HRANTZI_ROCKJAW',		'FLAVOR_GOLD',						7),
						   ('LEADER_HRANTZI_ROCKJAW',		'FLAVOR_CULTURE',					8),
						   ('LEADER_HRANTZI_ROCKJAW',		'FLAVOR_HAPPINESS',					8),
						   ('LEADER_HRANTZI_ROCKJAW',		'FLAVOR_GREAT_PEOPLE',				5),
						   ('LEADER_HRANTZI_ROCKJAW',		'FLAVOR_WONDER',					2),
						   ('LEADER_HRANTZI_ROCKJAW',		'FLAVOR_RELIGION',					9),
						   ('LEADER_HRANTZI_ROCKJAW',		'FLAVOR_DIPLOMACY',					2),
						   ('LEADER_HRANTZI_ROCKJAW',		'FLAVOR_WATER_CONNECTION',			3),
						   ('LEADER_HRANTZI_ROCKJAW',		'FLAVOR_NUKE',						3),
						   ('LEADER_HRANTZI_ROCKJAW',		'FLAVOR_USE_NUKE',					7),
						   ('LEADER_HRANTZI_ROCKJAW',		'FLAVOR_ESPIONAGE',					5),
  						   ('LEADER_HRANTZI_ROCKJAW',		'FLAVOR_ANTIAIR',					3),
						   ('LEADER_HRANTZI_ROCKJAW',		'FLAVOR_AIR_CARRIER',				2),
    					   ('LEADER_HRANTZI_ROCKJAW',		'FLAVOR_I_LAND_TRADE_ROUTE',		1),
						   ('LEADER_HRANTZI_ROCKJAW',		'FLAVOR_I_SEA_TRADE_ROUTE',			1),
						   ('LEADER_HRANTZI_ROCKJAW',		'FLAVOR_I_TRADE_ORIGIN',			5),
						   ('LEADER_HRANTZI_ROCKJAW',		'FLAVOR_I_TRADE_DESTINATION',		5),
						   ('LEADER_HRANTZI_ROCKJAW',		'FLAVOR_AIRLIFT',					4),
						   ('LEADER_THE_NECROMANCER',		'FLAVOR_OFFENSE',					7),
						   ('LEADER_THE_NECROMANCER',		'FLAVOR_DEFENSE',					5),
						   ('LEADER_THE_NECROMANCER',		'FLAVOR_CITY_DEFENSE',				5),
						   ('LEADER_THE_NECROMANCER',		'FLAVOR_MILITARY_TRAINING',			4),
						   ('LEADER_THE_NECROMANCER',		'FLAVOR_RECON',						5),
						   ('LEADER_THE_NECROMANCER',		'FLAVOR_RANGED',					4),
						   ('LEADER_THE_NECROMANCER',		'FLAVOR_MOBILE',					6),
						   ('LEADER_THE_NECROMANCER',		'FLAVOR_NAVAL',						4),
						   ('LEADER_THE_NECROMANCER',		'FLAVOR_NAVAL_RECON',				3),
						   ('LEADER_THE_NECROMANCER',		'FLAVOR_NAVAL_GROWTH',				3),
						   ('LEADER_THE_NECROMANCER',		'FLAVOR_NAVAL_TILE_IMPROVEMENT',	2),
						   ('LEADER_THE_NECROMANCER',		'FLAVOR_AIR',						7),
						   ('LEADER_THE_NECROMANCER',		'FLAVOR_EXPANSION',					5),
						   ('LEADER_THE_NECROMANCER',		'FLAVOR_GROWTH',					7),
						   ('LEADER_THE_NECROMANCER',		'FLAVOR_TILE_IMPROVEMENT',			4),
						   ('LEADER_THE_NECROMANCER',		'FLAVOR_INFRASTRUCTURE',			6),
						   ('LEADER_THE_NECROMANCER',		'FLAVOR_PRODUCTION',				6),
						   ('LEADER_THE_NECROMANCER',		'FLAVOR_GOLD',						7),
						   ('LEADER_THE_NECROMANCER',		'FLAVOR_CULTURE',					8),
						   ('LEADER_THE_NECROMANCER',		'FLAVOR_HAPPINESS',					4),
						   ('LEADER_THE_NECROMANCER',		'FLAVOR_GREAT_PEOPLE',				3),
						   ('LEADER_THE_NECROMANCER',		'FLAVOR_WONDER',					4),
						   ('LEADER_THE_NECROMANCER',		'FLAVOR_RELIGION',					3),
						   ('LEADER_THE_NECROMANCER',		'FLAVOR_DIPLOMACY',					5),
						   ('LEADER_THE_NECROMANCER',		'FLAVOR_WATER_CONNECTION',			4),
						   ('LEADER_THE_NECROMANCER',		'FLAVOR_NUKE',						5),
						   ('LEADER_THE_NECROMANCER',		'FLAVOR_USE_NUKE',					7),
						   ('LEADER_THE_NECROMANCER',		'FLAVOR_ESPIONAGE',					6),
						   ('LEADER_THE_NECROMANCER',		'FLAVOR_ANTIAIR',					5),
						   ('LEADER_THE_NECROMANCER',		'FLAVOR_AIR_CARRIER',				5),
						   ('LEADER_THE_NECROMANCER',		'FLAVOR_I_LAND_TRADE_ROUTE',		5),
						   ('LEADER_THE_NECROMANCER',		'FLAVOR_I_SEA_TRADE_ROUTE',			4),
						   ('LEADER_THE_NECROMANCER',		'FLAVOR_I_TRADE_ORIGIN',			5),
						   ('LEADER_THE_NECROMANCER',		'FLAVOR_I_TRADE_DESTINATION',		5),
						   ('LEADER_THE_NECROMANCER',		'FLAVOR_AIRLIFT',					8),
						   ('LEADER_ANDRIEL',				'FLAVOR_OFFENSE',					5),
						   ('LEADER_ANDRIEL',				'FLAVOR_DEFENSE',					7),
						   ('LEADER_ANDRIEL',				'FLAVOR_CITY_DEFENSE',				6),
						   ('LEADER_ANDRIEL',				'FLAVOR_MILITARY_TRAINING',			9),
						   ('LEADER_ANDRIEL',				'FLAVOR_RECON',						7),
						   ('LEADER_ANDRIEL',				'FLAVOR_RANGED',					7),
						   ('LEADER_ANDRIEL',				'FLAVOR_MOBILE',					4),
						   ('LEADER_ANDRIEL',				'FLAVOR_NAVAL',						8),
						   ('LEADER_ANDRIEL',				'FLAVOR_NAVAL_RECON',				9),
						   ('LEADER_ANDRIEL',				'FLAVOR_NAVAL_GROWTH',				6),
						   ('LEADER_ANDRIEL',				'FLAVOR_NAVAL_TILE_IMPROVEMENT',	4),
						   ('LEADER_ANDRIEL',				'FLAVOR_AIR',						8),
						   ('LEADER_ANDRIEL',				'FLAVOR_EXPANSION',					8),
						   ('LEADER_ANDRIEL',				'FLAVOR_GROWTH',					7),
						   ('LEADER_ANDRIEL',				'FLAVOR_TILE_IMPROVEMENT',			5),
						   ('LEADER_ANDRIEL',				'FLAVOR_INFRASTRUCTURE',			5),
						   ('LEADER_ANDRIEL',				'FLAVOR_PRODUCTION',				4),
						   ('LEADER_ANDRIEL',				'FLAVOR_GOLD',						7),
						   ('LEADER_ANDRIEL',				'FLAVOR_CULTURE',					8),
						   ('LEADER_ANDRIEL',				'FLAVOR_HAPPINESS',					5),
						   ('LEADER_ANDRIEL',				'FLAVOR_GREAT_PEOPLE',				7),
						   ('LEADER_ANDRIEL',				'FLAVOR_WONDER',					8),
						   ('LEADER_ANDRIEL',				'FLAVOR_RELIGION',					6),
						   ('LEADER_ANDRIEL',				'FLAVOR_DIPLOMACY',					7),
						   ('LEADER_ANDRIEL',				'FLAVOR_WATER_CONNECTION',			8),
						   ('LEADER_ANDRIEL',				'FLAVOR_NUKE',						7),
						   ('LEADER_ANDRIEL',				'FLAVOR_USE_NUKE',					7),
						   ('LEADER_ANDRIEL',				'FLAVOR_ESPIONAGE',					3),
						   ('LEADER_ANDRIEL',				'FLAVOR_ANTIAIR',					5),
						   ('LEADER_ANDRIEL',				'FLAVOR_AIR_CARRIER',				7),
						   ('LEADER_ANDRIEL',				'FLAVOR_I_LAND_TRADE_ROUTE',		6),
						   ('LEADER_ANDRIEL',				'FLAVOR_I_SEA_TRADE_ROUTE',			8),
						   ('LEADER_ANDRIEL',				'FLAVOR_I_TRADE_ORIGIN',			5),
						   ('LEADER_ANDRIEL',				'FLAVOR_I_TRADE_DESTINATION',		5),
						   ('LEADER_ANDRIEL',				'FLAVOR_AIRLIFT',					7),
						   ('LEADER_THE_DARK_PRINCE',		'FLAVOR_OFFENSE',					9),
						   ('LEADER_THE_DARK_PRINCE',		'FLAVOR_DEFENSE',					5),
						   ('LEADER_THE_DARK_PRINCE',		'FLAVOR_CITY_DEFENSE',				6),
						   ('LEADER_THE_DARK_PRINCE',		'FLAVOR_MILITARY_TRAINING',			8),
						   ('LEADER_THE_DARK_PRINCE',		'FLAVOR_RECON',						7),
						   ('LEADER_THE_DARK_PRINCE',		'FLAVOR_RANGED',					5),
						   ('LEADER_THE_DARK_PRINCE',		'FLAVOR_MOBILE',					7),
						   ('LEADER_THE_DARK_PRINCE',		'FLAVOR_NAVAL',						6),
						   ('LEADER_THE_DARK_PRINCE',		'FLAVOR_NAVAL_RECON',				5),
						   ('LEADER_THE_DARK_PRINCE',		'FLAVOR_NAVAL_GROWTH',				4),
						   ('LEADER_THE_DARK_PRINCE',		'FLAVOR_NAVAL_TILE_IMPROVEMENT',	3),
						   ('LEADER_THE_DARK_PRINCE',		'FLAVOR_AIR',						6),
						   ('LEADER_THE_DARK_PRINCE',		'FLAVOR_EXPANSION',					9),
						   ('LEADER_THE_DARK_PRINCE',		'FLAVOR_GROWTH',					3),
						   ('LEADER_THE_DARK_PRINCE',		'FLAVOR_TILE_IMPROVEMENT',			3),
						   ('LEADER_THE_DARK_PRINCE',		'FLAVOR_INFRASTRUCTURE',			4),
						   ('LEADER_THE_DARK_PRINCE',		'FLAVOR_PRODUCTION',				7),
						   ('LEADER_THE_DARK_PRINCE',		'FLAVOR_GOLD',						7),
						   ('LEADER_THE_DARK_PRINCE',		'FLAVOR_CULTURE',					8),
						   ('LEADER_THE_DARK_PRINCE',		'FLAVOR_HAPPINESS',					5),
						   ('LEADER_THE_DARK_PRINCE',		'FLAVOR_GREAT_PEOPLE',				8),
						   ('LEADER_THE_DARK_PRINCE',		'FLAVOR_WONDER',					4),
						   ('LEADER_THE_DARK_PRINCE',		'FLAVOR_RELIGION',					9),
						   ('LEADER_THE_DARK_PRINCE',		'FLAVOR_DIPLOMACY',					2),
						   ('LEADER_THE_DARK_PRINCE',		'FLAVOR_WATER_CONNECTION',			6),
						   ('LEADER_THE_DARK_PRINCE',		'FLAVOR_NUKE',						8),
						   ('LEADER_THE_DARK_PRINCE',		'FLAVOR_USE_NUKE',					9),
 						   ('LEADER_THE_DARK_PRINCE',		'FLAVOR_ESPIONAGE',					8),
						   ('LEADER_THE_DARK_PRINCE',		'FLAVOR_ANTIAIR',					4),
						   ('LEADER_THE_DARK_PRINCE',		'FLAVOR_AIR_CARRIER',				6),
						   ('LEADER_THE_DARK_PRINCE',		'FLAVOR_I_LAND_TRADE_ROUTE',		3),
						   ('LEADER_THE_DARK_PRINCE',		'FLAVOR_I_SEA_TRADE_ROUTE',			3),
						   ('LEADER_THE_DARK_PRINCE',		'FLAVOR_I_TRADE_ORIGIN',			5),
						   ('LEADER_THE_DARK_PRINCE',		'FLAVOR_I_TRADE_DESTINATION',		5),
						   ('LEADER_THE_DARK_PRINCE',		'FLAVOR_AIRLIFT',					7);
INSERT INTO Diplomacy_Responses (LeaderType, ResponseType, Response) SELECT Type, 'RESPONSE_FIRST_GREETING', Description || '_FIRST_GREETING%' FROM Leaders WHERE Type != 'LEADER_BARBARIAN';
-- INSERT INTO Diplomacy_Responses (LeaderType, ResponseType, Response) SELECT Type, 'RESPONSE_DEFEATED', Description || '_DEFEATED%' FROM Leaders WHERE Type != 'LEADER_BARBARIAN';
-- INSERT INTO Diplomacy_Responses (LeaderType, ResponseType, Response) SELECT Type, 'RESPONSE_EXPANSION_SERIOUS_WARNING', Description || '_EXPANSION_SERIOUS_WARNING%' FROM Leaders WHERE Type != 'LEADER_BARBARIAN';
-- INSERT INTO Diplomacy_Responses (LeaderType, ResponseType, Response) SELECT Type, 'RESPONSE_GREETING_HOSTILE_HELLO', Description || '_GREETING_HOSTILE_HELLO%' FROM Leaders WHERE Type != 'LEADER_BARBARIAN';
-- INSERT INTO Diplomacy_Responses (LeaderType, ResponseType, Response) SELECT Type, 'RESPONSE_GREETING_NEUTRAL_HELLO', Description || '_GREETING_NEUTRAL_HELLO%' FROM Leaders WHERE Type != 'LEADER_BARBARIAN';
-- INSERT INTO Diplomacy_Responses (LeaderType, ResponseType, Response) SELECT Type, 'RESPONSE_GREETING_POLITE_HELLO', Description || '_GREETING_POLITE_HELLO%' FROM Leaders WHERE Type != 'LEADER_BARBARIAN';
-- INSERT INTO Diplomacy_Responses (LeaderType, ResponseType, Response) SELECT Type, 'RESPONSE_HOSTILE_AGGRESSIVE_MILITARY_WARNING', Description || '_HOSTILE_AGGRESSIVE_MILITARY_WARNING%' FROM Leaders WHERE Type != 'LEADER_BARBARIAN';
-- INSERT INTO Diplomacy_Responses (LeaderType, ResponseType, Response) SELECT Type, 'RESPONSE_LUXURY_TRADE', Description || '_LUXURY_TRADE%' FROM Leaders WHERE Type != 'LEADER_BARBARIAN';
-- INSERT INTO Diplomacy_Responses (LeaderType, ResponseType, Response) SELECT Type, 'RESPONSE_OPEN_BORDERS_EXCHANGE', Description || '_OPEN_BORDERS_EXCHANGE%' FROM Leaders WHERE Type != 'LEADER_BARBARIAN';
-- INSERT INTO Diplomacy_Responses (LeaderType, ResponseType, Response) SELECT Type, 'RESPONSE_REQUEST', Description || '_REQUEST%' FROM Leaders WHERE Type != 'LEADER_BARBARIAN';